alpha,beta,gamma,bx,by,bz,ncc,geo_r,geo_t,geo_d,geo_se3,fiducial,time,idx,parameterization,ssim,alpha2,beta2,gamma2,bx2,by2,bz2
-0.8404079675674438,0.03439141809940338,2.0029144287109375,229.2811279296875,35.88019943237305,120.0572509765625,1.179442286491394,83.18910217285156,24.635358810424805,86.76016998291016,24.647666931152344,22.344114303588867,0.12869206798495725,56,se3_log_map,0.8372554779052734,1.8799117803573608,-0.815275251865387,-0.5671560764312744,231.0701446533203,174.50413513183594,-73.28195190429688
-0.847631573677063,0.040124453604221344,2.0111312866210938,231.04617309570312,31.813343048095703,126.6764144897461,1.3639123439788818,85.8319091796875,22.375259399414062,88.70044708251953,22.3879337310791,14.984105110168457,0.14144950197078288,56,se3_log_map,0.8580425977706909,1.8874119520187378,-0.8227752447128296,-0.5746561288833618,236.07012939453125,179.50413513183594,-68.281982421875
-0.8540242910385132,0.0436168871819973,2.014204502105713,235.55191040039062,31.793655395507812,128.9690399169922,1.2544608116149902,87.05210876464844,20.428159713745117,89.41688537597656,20.437036514282227,16.199918746948242,0.13745978299994022,56,se3_log_map,0.8248472213745117,1.8895891904830933,-0.8285307288169861,-0.5810445547103882,240.5908660888672,183.07408142089844,-70.35978698730469
-0.8516957759857178,0.04621085152029991,2.0165152549743652,233.3883056640625,30.266212463378906,129.60296630859375,1.3118160963058472,87.17147827148438,21.281333923339844,89.73161315917969,21.293371200561523,14.571220397949219,0.1377391970017925,56,se3_log_map,0.8453989624977112,1.893452525138855,-0.825833261013031,-0.5814307332038879,239.35409545898438,182.6633758544922,-67.42607879638672
-0.8479533195495605,0.04534155875444412,2.0132994651794434,230.30726623535156,29.065223693847656,128.76852416992188,1.3750756978988647,85.5437240600586,22.499692916870117,88.45317840576172,22.515167236328125,14.243121147155762,0.13816044596023858,56,se3_log_map,0.8701485991477966,1.8913556337356567,-0.8212112188339233,-0.5792834758758545,236.8619384765625,180.42767333984375,-64.40691375732422
-0.8446865081787109,0.04437867924571037,2.009998321533203,227.60801696777344,27.96295166015625,127.92536926269531,1.3281636238098145,84.0006332397461,23.853229522705078,87.32172393798828,23.87186050415039,15.859875679016113,0.13831381301861256,56,se3_log_map,0.8808848261833191,1.8889881372451782,-0.8170869946479797,-0.5773541331291199,234.6648712158203,178.30404663085938,-61.75282669067383
-0.8442242741584778,0.04553273320198059,2.0104074478149414,226.3395538330078,26.713924407958984,128.8589324951172,1.314344882965088,83.8540267944336,24.91985511779785,87.47855377197266,24.940887451171875,16.56999969482422,0.13931725901784375,56,se3_log_map,0.879186749458313,1.8899598121643066,-0.8161813020706177,-0.5780712962150574,234.25860595703125,178.3787078857422,-59.38645553588867
-0.8454245924949646,0.04750437289476395,2.011735439300537,226.47381591796875,25.93653106689453,130.0885467529297,1.3464504480361938,84.09085083007812,25.16068458557129,87.77432250976562,25.182445526123047,16.123090744018555,0.138697263028007,56,se3_log_map,0.8824418783187866,1.891574740409851,-0.8168705105781555,-0.5803298950195312,234.95855712890625,179.41683959960938,-58.29399490356445
-0.8478679060935974,0.050207458436489105,2.013981819152832,227.60398864746094,25.345447540283203,131.7596435546875,1.3903553485870361,84.7277603149414,24.957677841186523,88.32711791992188,24.979398727416992,15.121432304382324,0.13868693902622908,56,se3_log_map,0.8867451548576355,1.893929362297058,-0.8187955617904663,-0.5837859511375427,236.57325744628906,181.29739379882812,-57.87422561645508
-0.8503589630126953,0.052143484354019165,2.0151476860046387,228.97105407714844,25.104568481445312,133.09799194335938,1.3684041500091553,85.11000061035156,24.623571395874023,88.60041046142578,24.64480209350586,14.512737274169922,0.14099115005228668,56,se3_log_map,0.8804589509963989,1.894982933998108,-0.8207237124443054,-0.5868529677391052,238.1875762939453,183.0214385986328,-57.990699768066406
-0.8516057729721069,0.05230065435171127,2.0135951042175293,229.96646118164062,25.312007904052734,133.24168395996094,1.3521108627319336,84.54375457763672,24.023502349853516,87.89070129394531,24.043498992919922,14.115221977233887,0.13637357100378722,56,se3_log_map,0.8737026453018188,1.893249273300171,-0.821199357509613,-0.5882537961006165,238.99365234375,183.5371551513672,-58.58647918701172
-0.8517405390739441,0.05180833488702774,2.0115437507629395,230.1715087890625,25.371673583984375,132.96609497070312,1.3578745126724243,83.76585388183594,23.712961196899414,87.05758666992188,23.732324600219727,13.90413761138916,0.13777526502963156,56,se3_log_map,0.8745041489601135,1.8911505937576294,-0.8207067847251892,-0.5884898900985718,239.06561279296875,183.29937744140625,-58.69771194458008
-0.8509235382080078,0.051013510674238205,2.009232521057129,229.61102294921875,25.160736083984375,132.58013916015625,1.3783416748046875,82.82947540283203,23.836301803588867,86.1910171508789,23.855892181396484,13.921539306640625,0.1374844249803573,56,se3_log_map,0.8804329037666321,1.888989806175232,-0.8193250298500061,-0.5879244804382324,238.55172729492188,182.59066772460938,-58.08610916137695
-0.8496819138526917,0.050533462315797806,2.007200241088867,228.59994506835938,24.58645248413086,132.45535278320312,1.391853928565979,81.90238952636719,24.404359817504883,85.46095275878906,24.424968719482422,14.336777687072754,0.1373672749614343,56,se3_log_map,0.8858949542045593,1.8873376846313477,-0.8174779415130615,-0.587317168712616,237.85023498535156,181.86534118652344,-56.733089447021484
-0.848456859588623,0.050275709480047226,2.0055370330810547,227.55020141601562,23.886024475097656,132.50546264648438,1.3847692012786865,81.0947494506836,25.12355613708496,84.89730072021484,25.145366668701172,15.039703369140625,0.1370458549936302,56,se3_log_map,0.8853700160980225,1.8861017227172852,-0.8156890273094177,-0.5868211984634399,237.21044921875,181.25149536132812,-55.18555450439453
-0.8478906750679016,0.0502750538289547,2.0040643215179443,227.1727752685547,23.48139190673828,132.5364990234375,1.3748464584350586,80.3917465209961,25.37537956237793,84.30149841308594,25.397554397583008,15.377081871032715,0.1375680550117977,56,se3_log_map,0.8841643929481506,1.8849372863769531,-0.814494252204895,-0.5869233012199402,237.02647399902344,180.9680938720703,-54.3676872253418
-0.8482564687728882,0.05065642297267914,2.0029964447021484,227.52008056640625,23.25524139404297,132.8458709716797,1.380385398864746,79.88423156738281,25.244041442871094,83.77799224853516,25.265966415405273,15.132545471191406,0.13809394603595138,56,se3_log_map,0.8842909336090088,1.8840053081512451,-0.8141852617263794,-0.5878492593765259,237.4821319580078,181.2652130126953,-54.07419204711914
-0.8493160009384155,0.051921237260103226,2.0030150413513184,228.29037475585938,22.8992919921875,133.7203369140625,1.3867740631103516,79.72598266601562,25.126008987426758,83.59156036376953,25.147754669189453,14.701583862304688,0.13800593500491232,56,se3_log_map,0.8846750259399414,1.8841975927352905,-0.8145481944084167,-0.5897324085235596,238.50071716308594,182.2389678955078,-53.74024200439453
-0.8502374887466431,0.0528428815305233,2.0024800300598145,229.1417999267578,22.75067901611328,134.32568359375,1.3775675296783447,79.39703369140625,24.854984283447266,83.1965103149414,24.87624740600586,14.307503700256348,0.13762712996685877,56,se3_log_map,0.8832172155380249,1.8837940692901611,-0.8147220015525818,-0.5913652181625366,239.43670654296875,183.04833984375,-53.721492767333984
-0.850451648235321,0.05275973677635193,2.000291347503662,229.90164184570312,22.94135284423828,134.2227020263672,1.376477837562561,78.49632263183594,24.25545310974121,82.15838623046875,24.275596618652344,13.82253360748291,0.13763488101540133,56,se3_log_map,0.8820254802703857,1.8817071914672852,-0.8140271902084351,-0.59208744764328,239.97396850585938,183.21705627441406,-54.12043380737305
-0.8499930500984192,0.05190270021557808,1.9973517656326294,230.3760528564453,23.31800079345703,133.57412719726562,1.3865171670913696,77.37506866455078,23.534423828125,80.87503051757812,23.553264617919922,13.381077766418457,0.1365330379921943,56,se3_log_map,0.8827006816864014,1.878836989402771,-0.812767744064331,-0.5918689966201782,240.0540771484375,182.79934692382812,-54.7071647644043
-0.8488621711730957,0.0503602996468544,1.993011713027954,230.82127380371094,24.04199981689453,132.13877868652344,1.4018266201019287,75.76172637939453,22.406179428100586,79.00554656982422,22.4231014251709,12.940674781799316,0.13783989899093285,56,se3_log_map,0.8849899172782898,1.8746273517608643,-0.8106216788291931,-0.590993344783783,239.748779296875,181.73146057128906,-55.83413314819336
-0.8475627899169922,0.04897286742925644,1.9886863231658936,231.1027374267578,24.601966857910156,130.7845458984375,1.3971712589263916,74.13923645019531,21.482330322265625,77.1888427734375,21.497751235961914,12.814297676086426,0.1389250319916755,56,se3_log_map,0.8843592405319214,1.8705406188964844,-0.8082420229911804,-0.5901563763618469,239.38360595703125,180.6356658935547,-56.66285705566406
-0.8469306826591492,0.048227012157440186,1.9852129220962524,231.63162231445312,24.950565338134766,129.9466552734375,1.3885093927383423,72.8194580078125,20.670095443725586,75.69627380371094,20.68429183959961,12.651318550109863,0.13731079699937254,56,se3_log_map,0.8819418549537659,1.8672778606414795,-0.8065369725227356,-0.5900956392288208,239.45606994628906,180.05523681640625,-57.28955078125
-0.8473385572433472,0.048317693173885345,1.9832202196121216,232.408447265625,24.935218811035156,129.99264526367188,1.395425796508789,72.02498626708984,20.102174758911133,74.77764892578125,20.115615844726562,12.246044158935547,0.1373044970096089,56,se3_log_map,0.8794674873352051,1.8653768301010132,-0.8060259222984314,-0.5910438299179077,240.13504028320312,180.2759246826172,-57.46485900878906
-0.8482450246810913,0.048708125948905945,1.981688380241394,233.37765502929688,24.823497772216797,130.32656860351562,1.4005944728851318,71.4044418334961,19.56239891052246,74.03567504882812,19.57516098022461,11.780990600585938,0.13743253896245733,56,se3_log_map,0.8755133152008057,1.8638631105422974,-0.8060330748558044,-0.592454195022583,241.0990447998047,180.79981994628906,-57.58744430541992
-0.8488965034484863,0.04860571399331093,1.9798895120620728,234.1565704345703,24.802818298339844,130.41217041015625,1.3984720706939697,70.78166198730469,19.056711196899414,73.3021240234375,19.068836212158203,11.521380424499512,0.1374352509737946,56,se3_log_map,0.872678816318512,1.8619885444641113,-0.8059475421905518,-0.5933100581169128,241.8102264404297,181.0330810546875,-57.79023742675781
-0.8493613004684448,0.04873368889093399,1.9784865379333496,234.6588134765625,24.488388061523438,130.7082977294922,1.3962469100952148,70.23822021484375,18.820302963256836,72.7159652709961,18.832271575927734,11.338996887207031,0.13420030794804916,56,se3_log_map,0.8717474937438965,1.8606226444244385,-0.8057228326797485,-0.5941509008407593,242.45193481445312,181.2565155029297,-57.47882080078125
-0.8493008613586426,0.04888075217604637,1.977562427520752,234.68853759765625,23.975143432617188,130.890869140625,1.3997913599014282,69.81710815429688,18.794918060302734,72.30268096923828,18.807113647460938,11.272624015808105,0.13816333399154246,56,se3_log_map,0.8737397193908691,1.8598591089248657,-0.8051828145980835,-0.5945343971252441,242.72789001464844,181.1390838623047,-56.80833053588867
-0.8488776087760925,0.04891322925686836,1.9765427112579346,234.47157287597656,23.384849548339844,130.9363555908203,1.405192255973816,69.34275817871094,18.843446731567383,71.85745239257812,18.8559627532959,11.309338569641113,0.13731487101176754,56,se3_log_map,0.8777186274528503,1.859071969985962,-0.804311990737915,-0.5946078300476074,242.78128051757812,180.7691650390625,-55.97296905517578
-0.8483730554580688,0.049312181770801544,1.976014494895935,234.03135681152344,22.524810791015625,131.2301788330078,1.4090673923492432,68.95531463623047,19.196279525756836,71.57746124267578,19.209484100341797,11.478255271911621,0.13899851497262716,56,se3_log_map,0.8822250962257385,1.8589025735855103,-0.803371250629425,-0.5948335528373718,242.80484008789062,180.47178649902344,-54.67230224609375
-0.8480068445205688,0.05000382289290428,1.9757483005523682,233.6555633544922,21.57421112060547,131.6548309326172,1.409252643585205,68.61058044433594,19.6303768157959,71.36360168457031,19.644269943237305,11.717041969299316,0.1390283890068531,56,se3_log_map,0.884887158870697,1.8590447902679443,-0.8025153875350952,-0.5953488349914551,242.94679260253906,180.29742431640625,-53.28715515136719
-0.8482231497764587,0.05121685564517975,1.976121425628662,233.50747680664062,20.503204345703125,132.49801635742188,1.410646915435791,68.45751953125,20.247888565063477,71.3891372680664,20.262582778930664,11.901318550109863,0.13772691297344863,56,se3_log_map,0.8857629895210266,1.8597999811172485,-0.802212655544281,-0.5965399146080017,243.44259643554688,180.57803344726562,-51.792564392089844
-0.8488231301307678,0.052462343126535416,1.9764468669891357,233.69126892089844,19.628646850585938,133.34877014160156,1.4087958335876465,68.3321762084961,20.720170974731445,71.4045639038086,20.73540687561035,11.958001136779785,0.13415735599119216,56,se3_log_map,0.8856111168861389,1.8604092597961426,-0.8022446036338806,-0.5980184674263,244.15237426757812,181.0691375732422,-50.68034744262695
-0.8494211435317993,0.053753532469272614,1.9766933917999268,233.99961853027344,18.85236358642578,134.12635803222656,1.4009897708892822,68.16989135742188,21.114608764648438,71.36498260498047,21.13026237487793,12.030640602111816,0.13964331801980734,56,se3_log_map,0.8842008113861084,1.8609646558761597,-0.8022156357765198,-0.5995635390281677,244.90650939941406,181.58355712890625,-49.75446319580078
-0.8498468399047852,0.05517447739839554,1.976984977722168,234.25225830078125,18.01404571533203,134.9826202392578,1.3879010677337646,67.97669982910156,21.662471771240234,71.34489440917969,21.678625106811523,12.286656379699707,0.13838673703139648,56,se3_log_map,0.8819516897201538,1.8616642951965332,-0.8019663691520691,-0.601111888885498,245.65280151367188,182.14022827148438,-48.676517486572266
-0.8492139577865601,0.054001159965991974,1.9748543500900269,234.72254943847656,18.428749084472656,133.9661102294922,1.4044530391693115,67.32390594482422,20.55048370361328,70.39055633544922,20.565542221069336,11.775481224060059,0.13783381500979885,56,se3_log_map,0.884465217590332,1.8594523668289185,-0.8010767102241516,-0.6002232432365417,245.64593505859375,181.326416015625,-49.60226821899414
-0.848447859287262,0.05260626599192619,1.972538709640503,235.19107055664062,18.931289672851562,132.82456970214844,1.4143493175506592,66.65819549560547,19.350343704223633,69.41001892089844,19.364259719848633,11.40541934967041,0.13782352302223444,56,se3_log_map,0.8857860565185547,1.8570233583450317,-0.800104558467865,-0.5990934371948242,245.57699584960938,180.41529846191406,-50.64798355102539
-0.8476942181587219,0.05119813233613968,1.9699310064315796,235.73794555664062,19.51915740966797,131.65432739257812,1.4124507904052734,65.90664672851562,18.0958194732666,68.34577178955078,18.1085147857666,11.128105163574219,0.13793279801029712,56,se3_log_map,0.8848074674606323,1.8543184995651245,-0.7990295886993408,-0.5980465412139893,245.5305633544922,179.55191040039062,-51.79669952392578
-0.8474553823471069,0.04998604580760002,1.9677165746688843,236.54148864746094,20.091041564941406,130.65191650390625,1.4074840545654297,65.34740447998047,16.823392868041992,67.47821807861328,16.834938049316406,10.876067161560059,0.13787576300092041,56,se3_log_map,0.882010817527771,1.8518941402435303,-0.7985185980796814,-0.597396194934845,245.76547241210938,178.9290771484375,-53.06751251220703
-0.8478009700775146,0.0489635206758976,1.9658401012420654,237.6745147705078,20.663040161132812,129.8631591796875,1.4126839637756348,64.95889282226562,15.524250984191895,66.78817749023438,15.534651756286621,10.663386344909668,0.1377925219712779,56,se3_log_map,0.8779518604278564,1.8496768474578857,-0.7986152172088623,-0.5971975922584534,246.352294921875,178.61509704589844,-54.484283447265625
-0.848627507686615,0.04842659831047058,1.9642595052719116,239.1625213623047,21.18749237060547,129.23944091796875,1.4185928106307983,64.61702728271484,14.17460823059082,66.15345764160156,14.183791160583496,10.668933868408203,0.1381992039969191,56,se3_log_map,0.8724120259284973,1.8477768898010254,-0.7990331053733826,-0.5976818203926086,247.2967987060547,178.5779266357422,-56.02608871459961
-0.8490225076675415,0.04788627475500107,1.9622442722320557,240.4705047607422,21.771026611328125,128.28085327148438,1.4190430641174316,64.06331634521484,12.740656852722168,65.31793212890625,12.74852466583252,11.115242958068848,0.1379567120457068,56,se3_log_map,0.8709980845451355,1.845609426498413,-0.7988473176956177,-0.5980203151702881,247.94732666015625,178.22140502929688,-57.63368225097656
-0.8488494753837585,0.04712952300906181,1.9598172903060913,241.37879943847656,22.34923553466797,127.05657958984375,1.4189846515655518,63.35759735107422,11.378645896911621,64.37125396728516,11.385282516479492,11.944384574890137,0.13969914999324828,56,se3_log_map,0.8711216449737549,1.8431510925292969,-0.7980573773384094,-0.5979150533676147,248.17176818847656,177.49627685546875,-59.083187103271484
-0.8482255339622498,0.04611848667263985,1.9566923379898071,241.97772216796875,22.970916748046875,125.49044036865234,1.392052173614502,62.43434524536133,10.01462459564209,63.23242950439453,10.02005672454834,13.543475151062012,0.13844280201010406,56,se3_log_map,0.853334367275238,1.840090036392212,-0.7966773509979248,-0.5974888801574707,248.00669860839844,176.3820037841797,-60.496803283691406
-0.8480103611946106,0.046380460262298584,1.9556207656860352,241.82040405273438,22.647323608398438,125.19625854492188,1.3877229690551758,61.929534912109375,9.774338722229004,62.69613265991211,9.779763221740723,13.485713958740234,0.13935076299821958,56,se3_log_map,0.856981635093689,1.8392832279205322,-0.7958610653877258,-0.5979217886924744,247.87939453125,175.91250610351562,-60.16847229003906
-0.84840989112854,0.04776224493980408,1.9561643600463867,241.37002563476562,21.69396209716797,125.8974838256836,1.4134747982025146,61.74262237548828,10.31569766998291,62.59844207763672,10.32183837890625,12.111849784851074,0.1402993590454571,56,se3_log_map,0.8711543679237366,1.8402082920074463,-0.7957010269165039,-0.5993309617042542,247.9930419921875,176.0974578857422,-58.7606086730957
-0.8493286371231079,0.04969814792275429,1.9575042724609375,240.87704467773438,20.401390075683594,127.22029876708984,1.431779146194458,61.76329040527344,11.466434478759766,62.81865310668945,11.473653793334961,10.843620300292969,0.13940980896586552,56,se3_log_map,0.8801702857017517,1.8419241905212402,-0.796074390411377,-0.6013622879981995,248.36891174316406,176.74081420898438,-56.792503356933594
-0.850206196308136,0.05186805874109268,1.9586316347122192,240.38609313964844,19.068321228027344,128.57467651367188,1.426339864730835,61.65459442138672,12.827495574951172,62.9748649597168,12.835762977600098,10.173798561096191,0.1378130989614874,56,se3_log_map,0.8776965141296387,1.8435509204864502,-0.7961869835853577,-0.6036550998687744,248.7552490234375,177.43080139160156,-54.73728942871094
-0.8509270548820496,0.053812842816114426,1.9593919515609741,239.96817016601562,17.82958221435547,129.75567626953125,1.4217629432678223,61.47576141357422,14.133503913879395,63.07951354980469,14.142683982849121,9.804742813110352,0.13765216298634186,56,se3_log_map,0.8784483075141907,1.8448007106781006,-0.7961180806159973,-0.6057433485984802,249.12872314453125,177.99725341796875,-52.851348876953125
-0.8515233993530273,0.055666305124759674,1.9603744745254517,239.40155029296875,16.533676147460938,130.9861297607422,1.4177277088165283,61.4110107421875,15.65858268737793,63.37588882446289,15.668771743774414,9.752620697021484,0.13755535101518035,56,se3_log_map,0.8834565281867981,1.8462527990341187,-0.7960785627365112,-0.6076002717018127,249.4200439453125,178.529052734375,-50.81826400756836
-0.8516597747802734,0.05687154829502106,1.9608052968978882,238.79412841796875,15.552314758300781,131.70919799804688,1.4182476997375488,61.25957489013672,16.779802322387695,63.516117095947266,16.790693283081055,9.989483833312988,0.13912634900771081,56,se3_log_map,0.8851361274719238,1.8470823764801025,-0.7957196831703186,-0.6087101697921753,249.42832946777344,178.66363525390625,-49.2449951171875
-0.8516139984130859,0.05787019804120064,1.9611228704452515,238.12896728515625,14.619338989257812,132.3624267578125,1.4163732528686523,61.09908676147461,17.895015716552734,63.665767669677734,17.90656089782715,10.381118774414062,0.13752275903243572,56,se3_log_map,0.8855116963386536,1.847780466079712,-0.7952516674995422,-0.6095410585403442,249.35684204101562,178.71630859375,-47.69387435913086
-0.8515374660491943,0.05844298377633095,1.961044430732727,237.6977996826172,13.979415893554688,132.7319793701172,1.4126901626586914,60.89792251586914,18.599538803100586,63.67495346069336,18.611434936523438,10.719688415527344,0.1386331330286339,56,se3_log_map,0.8850136399269104,1.8479586839675903,-0.7948205471038818,-0.6100628972053528,249.31031799316406,178.6659393310547,-46.654090881347656
-0.851555585861206,0.058588817715644836,1.960569143295288,237.59109497070312,13.646865844726562,132.79151916503906,1.4102821350097656,60.67234802246094,18.803699493408203,63.51939010620117,18.815637588500977,10.840411186218262,0.13883759797317907,56,se3_log_map,0.8846110105514526,1.8475786447525024,-0.7945478558540344,-0.6103542447090149,249.3563232421875,178.51576232910156,-46.21773910522461
-0.8517631888389587,0.05857694521546364,1.95961332321167,237.94403076171875,13.588134765625,132.5908966064453,1.412778615951538,60.33053207397461,18.478422164916992,63.09695053100586,18.490022659301758,10.626276016235352,0.13751307502388954,56,se3_log_map,0.8846501111984253,1.8466434478759766,-0.7943369746208191,-0.6107572317123413,249.62525939941406,178.362060546875,-46.3917350769043
-0.8521724939346313,0.05847157910466194,1.9586366415023804,238.52279663085938,13.670852661132812,132.37344360351562,1.4157416820526123,60.040401458740234,17.98323631286621,62.675724029541016,17.994449615478516,10.280803680419922,0.13721239299047738,56,se3_log_map,0.8852415084838867,1.8455926179885864,-0.7943648099899292,-0.611205518245697,250.03831481933594,178.3176727294922,-46.840789794921875
-0.8524950742721558,0.05817272514104843,1.9574742317199707,239.2095184326172,13.905685424804688,131.96205139160156,1.4184598922729492,59.72161102294922,17.237030029296875,62.159358978271484,17.247703552246094,9.904942512512207,0.13800365099450573,56,se3_log_map,0.8853147029876709,1.844321608543396,-0.794336199760437,-0.6114689707756042,250.43670654296875,178.17483520507812,-47.57017517089844
-0.8528193235397339,0.05787938833236694,1.9562634229660034,239.9138641357422,14.154052734375,131.62957763671875,1.4194103479385376,59.38730239868164,16.552019119262695,61.65079879760742,16.562177658081055,9.588593482971191,0.13724754401482642,56,se3_log_map,0.8850539326667786,1.8430081605911255,-0.7942848205566406,-0.611753523349762,250.86708068847656,178.122802734375,-48.2647819519043
-0.8526882529258728,0.05725608021020889,1.9545619487762451,240.45333862304688,14.529655456542969,130.98226928710938,1.4212334156036377,58.89158630371094,15.648448944091797,60.93515396118164,15.657939910888672,9.339323997497559,0.13737087399931625,56,se3_log_map,0.8843291997909546,1.8412524461746216,-0.7937660813331604,-0.6115788817405701,251.01666259765625,177.76248168945312,-49.074562072753906
-0.8524582386016846,0.05636205896735191,1.9528939723968506,240.98236083984375,14.970504760742188,130.17208862304688,1.4246714115142822,58.48308563232422,14.594904899597168,60.27671432495117,14.603691101074219,9.201083183288574,0.13882491999538615,56,se3_log_map,0.882649838924408,1.8394479751586914,-0.7933210134506226,-0.6110737919807434,251.1016845703125,177.24172973632812,-50.03386688232422
-0.8523196578025818,0.055461492389440536,1.9512978792190552,241.5848846435547,15.383193969726562,129.42745971679688,1.428396463394165,58.13133239746094,13.574358940124512,59.69518280029297,13.58250904083252,9.234795570373535,0.1381413339986466,56,se3_log_map,0.8812370896339417,1.837679386138916,-0.7930004596710205,-0.6106001734733582,251.28697204589844,176.78152465820312,-50.98459243774414
-0.8521113395690918,0.05500740557909012,1.9498029947280884,242.12535095214844,15.660049438476562,128.85960388183594,1.4323023557662964,57.681373596191406,12.775260925292969,59.07917022705078,12.78286361694336,9.30005931854248,0.13908021396491677,56,se3_log_map,0.8813636898994446,1.8362003564834595,-0.7924050092697144,-0.6104769110679626,251.49749755859375,176.4580078125,-51.6681022644043
-0.8517115116119385,0.05404570698738098,1.9480905532836914,242.55645751953125,16.063072204589844,128.00875854492188,1.4408080577850342,57.287803649902344,11.745145797729492,58.47940444946289,11.752129554748535,9.504748344421387,0.13854686601553112,56,se3_log_map,0.8848025798797607,1.8343777656555176,-0.7918198704719543,-0.6098131537437439,251.50503540039062,175.8455047607422,-52.5446662902832
-0.851249098777771,0.05283471196889877,1.9456517696380615,243.1631317138672,16.684600830078125,126.80500793457031,1.4460763931274414,56.720245361328125,10.276963233947754,57.64375305175781,10.283102989196777,10.039649963378906,0.13738405401818454,56,se3_log_map,0.890995979309082,1.8318129777908325,-0.791002094745636,-0.6090876460075378,251.47947692871094,175.04371643066406,-53.83958435058594
-0.8512928485870361,0.05190034955739975,1.9431248903274536,244.09490966796875,17.263290405273438,125.75325012207031,1.4298062324523926,56.13936996459961,8.825800895690918,56.82889938354492,8.83115005493164,11.108975410461426,0.13877136301016435,56,se3_log_map,0.8808006644248962,1.8291281461715698,-0.7904769778251648,-0.6089757680892944,251.78805541992188,174.48422241210938,-55.21913528442383
-0.8516688942909241,0.051862724125385284,1.9418723583221436,244.66319274902344,17.358535766601562,125.4273681640625,1.4197676181793213,55.77595901489258,8.301186561584473,56.39031219482422,8.306244850158691,11.734139442443848,0.1387743060477078,56,se3_log_map,0.8717442750930786,1.8278621435165405,-0.7903138995170593,-0.6095510721206665,252.14468383789062,174.3667755126953,-55.707035064697266
-0.8523330092430115,0.05259376019239426,1.941901445388794,244.81512451171875,16.957992553710938,125.82018280029297,1.430052638053894,55.65141677856445,8.715405464172363,56.32972717285156,8.72061538696289,11.300667762756348,0.13734681397909299,56,se3_log_map,0.8764814734458923,1.827984094619751,-0.790545642375946,-0.6106612086296082,252.51402282714844,174.64231872558594,-55.267356872558594
-0.8529725074768066,0.05380670353770256,1.9425275325775146,244.58116149902344,16.241226196289062,126.64447021484375,1.4463145732879639,55.579097747802734,9.7511568069458,56.428016662597656,9.756813049316406,10.366158485412598,0.13735314103541896,56,se3_log_map,0.8843992352485657,1.8288488388061523,-0.7907399535179138,-0.6120355725288391,252.77369689941406,175.1170654296875,-54.1400146484375
-0.8532540798187256,0.05518055707216263,1.9432287216186523,243.9929962158203,15.391311645507812,127.5426025390625,1.4479244947433472,55.432308197021484,11.025843620300293,56.518226623535156,11.032023429870605,9.536347389221191,0.21217774401884526,56,se3_log_map,0.8856558203697205,1.829951286315918,-0.7905331254005432,-0.6133107542991638,252.7847137451172,175.5230712890625,-52.62884521484375
-0.8530162572860718,0.05650367587804794,1.943530797958374,243.12991333007812,14.586051940917969,128.1927490234375,1.4410110712051392,55.080955505371094,12.188333511352539,56.413360595703125,12.194941520690918,8.976480484008789,0.1381090590148233,56,se3_log_map,0.8849925398826599,1.830822229385376,-0.7896829843521118,-0.6143221855163574,252.454345703125,175.65240478515625,-51.061744689941406
-0.852752149105072,0.05753490328788757,1.9433555603027344,242.37794494628906,13.949111938476562,128.57107543945312,1.432502269744873,54.64984893798828,13.048776626586914,56.18608856201172,13.055642127990723,8.76731014251709,0.13814141700277105,56,se3_log_map,0.8844259977340698,1.8311502933502197,-0.7887650728225708,-0.6151807308197021,252.08409118652344,175.61343383789062,-49.81842041015625
-0.8529062867164612,0.0584651380777359,1.942925214767456,242.11631774902344,13.493385314941406,128.84312438964844,1.4280543327331543,54.23075485229492,13.569693565368652,55.90269470214844,13.576641082763672,8.659440994262695,0.13885061198379844,56,se3_log_map,0.8831151127815247,1.8310829401016235,-0.7881935834884644,-0.6162865161895752,252.04904174804688,175.68350219726562,-49.0766716003418
-0.8533489108085632,0.059207335114479065,1.941982388496399,242.35276794433594,13.279624938964844,128.89988708496094,1.4288970232009888,53.73630142211914,13.618921279907227,55.43523406982422,13.625757217407227,8.510210990905762,0.13808799401158467,56,se3_log_map,0.8828877806663513,1.8303906917572021,-0.7877810597419739,-0.6175488829612732,252.30047607421875,175.78564453125,-48.91761779785156
-0.8540161848068237,0.06016382575035095,1.9409992694854736,242.92515563964844,13.142280578613281,128.91989135742188,1.432140588760376,53.2039794921875,13.492043495178223,54.88805389404297,13.498696327209473,8.34141731262207,0.13813974597724155,56,se3_log_map,0.883144736289978,1.8296812772750854,-0.7874426245689392,-0.6191694140434265,252.79547119140625,176.00668334960938,-49.03919982910156
-0.8549173474311829,0.061121873557567596,1.940572738647461,243.5396270751953,12.937843322753906,129.12936401367188,1.4255311489105225,52.91986846923828,13.565853118896484,54.63098907470703,13.57247257232666,8.27338695526123,0.21849656599806622,56,se3_log_map,0.880753219127655,1.8294111490249634,-0.7875710725784302,-0.6207790374755859,253.42181396484375,176.37417602539062,-49.0969123840332
-0.8549731373786926,0.06168941780924797,1.9396088123321533,243.78704833984375,12.854240417480469,128.93556213378906,1.4256694316864014,52.409454345703125,13.375870704650879,54.08941650390625,13.382267951965332,8.228562355041504,0.138863259984646,56,se3_log_map,0.8809635043144226,1.828743577003479,-0.7868755459785461,-0.6216323971748352,253.56808471679688,176.28382873535156,-49.16282272338867
-0.8543587923049927,0.06175970658659935,1.9383268356323242,243.63255310058594,12.849624633789062,128.44252014160156,1.4346346855163574,51.814266204833984,13.020864486694336,53.42528533935547,13.0269193649292,8.1624116897583,0.13897490699309856,56,se3_log_map,0.8827154636383057,1.8277840614318848,-0.7856821417808533,-0.6216763257980347,253.26234436035156,175.78729248046875,-49.167667388916016
-0.8534496426582336,0.0613572932779789,1.9366313219070435,243.4099884033203,13.015289306640625,127.60240173339844,1.4428027868270874,51.17092514038086,12.33690357208252,52.6370849609375,12.34246826171875,8.232495307922363,0.13787103397771716,56,se3_log_map,0.8883293271064758,1.8263461589813232,-0.7842965722084045,-0.6212029457092285,252.74835205078125,174.98043823242188,-49.43095397949219
-0.8529506325721741,0.06088268384337425,1.9347537755966187,243.58631896972656,13.323593139648438,126.65966796875,1.451641321182251,50.57378005981445,11.381609916687012,51.83867645263672,11.386639595031738,8.405543327331543,0.13893495098454878,56,se3_log_map,0.8971266150474548,1.8245940208435059,-0.7832670211791992,-0.6209776997566223,252.5045166015625,174.25164794921875,-50.12212371826172
-0.8531728386878967,0.06046178564429283,1.9325668811798096,244.43626403808594,13.749626159667969,125.74555206298828,1.4581985473632812,49.99782943725586,10.167561531066895,51.02119445800781,10.17201042175293,8.844294548034668,0.13818581396481022,56,se3_log_map,0.901276171207428,1.8223720788955688,-0.7827610969543457,-0.6213575005531311,252.81582641601562,173.79527282714844,-51.297210693359375
-0.8540147542953491,0.060207147151231766,1.93081533908844,245.58033752441406,14.085708618164062,125.15435791015625,1.4511487483978271,49.64570236206055,9.218855857849121,50.494388580322266,9.222916603088379,9.635536193847656,0.21030618203803897,56,se3_log_map,0.8907883167266846,1.8204337358474731,-0.7829418778419495,-0.622168779373169,253.51785278320312,173.6872100830078,-52.464603424072266
-0.855024516582489,0.060240488499403,1.9295654296875,246.5042724609375,14.175140380859375,125.01982116699219,1.4391918182373047,49.410682678222656,8.908398628234863,50.20732116699219,8.91235065460205,10.390632629394531,0.13786888000322506,56,se3_log_map,0.881202757358551,1.8190172910690308,-0.7833361625671387,-0.6232151985168457,254.24627685546875,173.8553009033203,-53.08952331542969
-0.8557925224304199,0.06079147756099701,1.929427981376648,246.6587677001953,13.80596923828125,125.44874572753906,1.4423887729644775,49.332244873046875,9.454038619995117,50.22996520996094,9.458159446716309,10.037394523620605,0.13849000399932265,56,se3_log_map,0.8828237056732178,1.8188891410827637,-0.7836905717849731,-0.624269962310791,254.62442016601562,174.16616821289062,-52.653953552246094
-0.8557672500610352,0.06151462346315384,1.9298360347747803,245.90875244140625,13.172126770019531,126.00425720214844,1.4587037563323975,49.22504425048828,10.367727279663086,50.305015563964844,10.372097969055176,9.044438362121582,0.13752529298653826,56,se3_log_map,0.89481121301651,1.819555401802063,-0.7834296822547913,-0.6248157620429993,254.33822631835938,174.24090576171875,-51.405120849609375
-0.8549865484237671,0.06187984719872475,1.9295456409454346,244.76425170898438,12.639198303222656,126.17853546142578,1.4642542600631714,48.85502624511719,11.061056137084961,50.09151840209961,11.065512657165527,8.363978385925293,0.1376421389868483,56,se3_log_map,0.9014047980308533,1.8196618556976318,-0.7823464274406433,-0.6247382164001465,253.55810546875,173.87200927734375,-50.1162223815918
-0.8546237945556641,0.06268243491649628,1.929540991783142,243.90052795410156,12.022102355957031,126.60095977783203,1.4528584480285645,48.52020263671875,11.99273681640625,49.98035430908203,11.997385025024414,7.981234073638916,0.13860945001943037,56,se3_log_map,0.8978725671768188,1.8200812339782715,-0.7815354466438293,-0.6252598166465759,253.11204528808594,173.81565856933594,-48.816864013671875
-0.855018675327301,0.06354133784770966,1.9292035102844238,243.84536743164062,11.599418640136719,126.95951843261719,1.4481432437896729,48.20469284057617,12.531964302062988,49.80705261230469,12.536718368530273,7.791637420654297,0.22193355800118297,56,se3_log_map,0.8931891918182373,1.820001244544983,-0.7812677025794983,-0.6264203786849976,253.28152465820312,174.02108764648438,-48.195926666259766
-0.8560835719108582,0.06414501368999481,1.928783655166626,244.38975524902344,11.370132446289062,127.22891998291016,1.451237440109253,48.08237838745117,12.725401878356934,49.73781967163086,12.730236053466797,7.667904376983643,0.137336113024503,56,se3_log_map,0.891730546951294,1.8195524215698242,-0.7817498445510864,-0.6277978420257568,253.89718627929688,174.36952209472656,-48.186580657958984
-0.8573147654533386,0.06478545814752579,1.9283180236816406,245.10906982421875,11.192893981933594,127.50487518310547,1.4439154863357544,47.97603988647461,12.885998725891113,49.676448822021484,12.890909194946289,7.6946330070495605,0.13853976503014565,56,se3_log_map,0.8879389762878418,1.8190288543701172,-0.7823485732078552,-0.6293305158615112,254.6460418701172,174.80531311035156,-48.32308578491211
-0.8573870658874512,0.06459970772266388,1.9265893697738647,245.48831176757812,11.357772827148438,126.86427307128906,1.4557260274887085,47.475669860839844,12.239103317260742,49.02790069580078,12.243651390075684,7.867081165313721,0.13810248899972066,56,se3_log_map,0.8939542174339294,1.8173624277114868,-0.78175950050354,-0.6297006011009216,254.71522521972656,174.37559509277344,-48.88921356201172
-0.8567378520965576,0.06418315321207047,1.9243857860565186,245.54006958007812,11.609756469726562,125.8776626586914,1.4680536985397339,46.75502014160156,11.353517532348633,48.113765716552734,11.357560157775879,8.094395637512207,0.1390253219869919,56,se3_log_map,0.9030175805091858,1.8153796195983887,-0.7804070115089417,-0.6295228004455566,254.3629913330078,173.5569610595703,-49.44221115112305
-0.8561663627624512,0.06372667104005814,1.9222075939178467,245.6128387451172,11.875358581542969,124.9015884399414,1.4553133249282837,46.09228515625,10.48556900024414,47.269927978515625,10.489119529724121,8.572729110717773,0.13939294597366825,56,se3_log_map,0.9007159471511841,1.8133811950683594,-0.7791649699211121,-0.6293492317199707,254.0306396484375,172.75997924804688,-50.02671813964844
-0.8563421368598938,0.06400507688522339,1.9209225177764893,245.8577880859375,11.833602905273438,124.64481353759766,1.451730489730835,45.6319465637207,10.304783821105957,46.78101348876953,10.308173179626465,8.718531608581543,0.21730648499215022,56,se3_log_map,0.8978763818740845,1.8122719526290894,-0.7786026000976562,-0.6300926804542542,254.15499877929688,172.60586547851562,-50.156341552734375
-0.8572655320167542,0.06503938883543015,1.9208509922027588,246.12322998046875,11.432266235351562,125.19017791748047,1.4652624130249023,45.4586181640625,10.92175579071045,46.752227783203125,10.925353050231934,8.322443008422852,0.13756848499178886,56,se3_log_map,0.9019593596458435,1.8123536109924316,-0.7788482904434204,-0.6316819190979004,254.64813232421875,173.1068572998047,-49.691871643066406
-0.8582760095596313,0.06636307388544083,1.9212431907653809,246.1959228515625,10.865066528320312,126.06221771240234,1.463777780532837,45.36581802368164,11.914268493652344,46.904232025146484,11.918213844299316,7.823788166046143,0.13816789799602702,56,se3_log_map,0.9000107645988464,1.8129475116729736,-0.77921462059021,-0.6334658861160278,255.12039184570312,173.8135223388672,-48.836273193359375
-0.8585329055786133,0.06715818494558334,1.9211963415145874,245.87843322753906,10.409385681152344,126.48341369628906,1.457900047302246,45.148563385009766,12.568785667419434,46.86541748046875,12.572892189025879,7.4473114013671875,0.1384997860295698,56,se3_log_map,0.8967841863632202,1.8131476640701294,-0.7789766788482666,-0.6343907117843628,255.09559631347656,173.98570251464844,-48.03055191040039
-0.8579443693161011,0.06740760058164597,1.9204598665237427,245.22943115234375,10.218467712402344,126.22740173339844,1.4630930423736572,44.6999397277832,12.637927055358887,46.452144622802734,12.641876220703125,7.229925155639648,0.13879465096397325,56,se3_log_map,0.9003562927246094,1.812745451927185,-0.7779451608657837,-0.6344524621963501,254.4911651611328,173.51773071289062,-47.54239273071289
-0.8573513627052307,0.0675891861319542,1.9192237854003906,244.85873413085938,10.212677001953125,125.70125579833984,1.4621222019195557,44.11680603027344,12.377762794494629,45.82032012939453,12.381451606750488,7.262817859649658,0.13789302704390138,56,se3_log_map,0.9036214351654053,1.8118627071380615,-0.776727020740509,-0.6345893144607544,253.9767303466797,172.96603393554688,-47.47275924682617
-0.8570796847343445,0.06749021261930466,1.9174736738204956,245.1399688720703,10.482185363769531,124.77178192138672,1.4573345184326172,43.545127868652344,11.544827461242676,45.04954147338867,11.548073768615723,7.714567184448242,0.1379207590362057,56,se3_log_map,0.905872642993927,1.8103090524673462,-0.7757498621940613,-0.6348183155059814,253.82693481445312,172.3171844482422,-48.218482971191406
-0.8578030467033386,0.0679975152015686,1.916603922843933,245.8657989501953,10.531730651855469,124.52751159667969,1.4625707864761353,43.272823333740234,11.232549667358398,44.706905364990234,11.235685348510742,7.857559680938721,0.1399001579848118,56,se3_log_map,0.9053634405136108,1.8095136880874634,-0.7757548093795776,-0.6360108852386475,254.33901977539062,172.3800506591797,-48.7748908996582
-0.8591148853302002,0.06886208057403564,1.9166595935821533,246.67123413085938,10.375236511230469,124.82904052734375,1.4680943489074707,43.308773040771484,11.446949005126953,44.7960090637207,11.450236320495605,7.913843154907227,0.13924867496825755,56,se3_log_map,0.9032436013221741,1.809535026550293,-0.7765211462974548,-0.6376572251319885,255.1558837890625,172.90513610839844,-49.0177116394043
-0.8600088953971863,0.06982869654893875,1.9169358015060425,247.03555297851562,10.102325439453125,125.1581039428711,1.460132122039795,43.291969299316406,11.841797828674316,44.882320404052734,11.84524154663086,7.860973358154297,0.13901838305173442,56,se3_log_map,0.9008544683456421,1.8099161386489868,-0.776930034160614,-0.6390640735626221,255.6316375732422,173.28994750976562,-48.88880920410156
-0.8599972724914551,0.07055887579917908,1.9173306226730347,246.66265869140625,9.765556335449219,125.32352447509766,1.4625505208969116,43.1754264831543,12.230110168457031,44.87419128417969,12.233609199523926,7.476171016693115,0.1377989129978232,56,se3_log_map,0.9017342329025269,1.8105686902999878,-0.7766697406768799,-0.6396267414093018,255.44580078125,173.2582550048828,-48.33610153198242
-0.8591227531433105,0.0708174929022789,1.9170935153961182,245.8496551513672,9.576881408691406,125.00213623046875,1.4709208011627197,42.80583953857422,12.275599479675293,44.531227111816406,12.278929710388184,7.173389911651611,0.1379385439795442,56,se3_log_map,0.9068292379379272,1.810704231262207,-0.7755826115608215,-0.6393666863441467,254.68475341796875,172.67807006835938,-47.82623291015625
-0.8584753274917603,0.07130007445812225,1.9169639348983765,245.14990234375,9.374740600585938,124.84247589111328,1.4630810022354126,42.45391845703125,12.463364601135254,44.245574951171875,12.466618537902832,7.034292221069336,0.13960037898505107,56,se3_log_map,0.9057043790817261,1.8109614849090576,-0.7746284604072571,-0.6394330263137817,254.06275939941406,172.3070068359375,-47.29619216918945
-0.8584955334663391,0.07203228771686554,1.9169175624847412,244.97030639648438,9.190582275390625,124.92328643798828,1.4596972465515137,42.208702087402344,12.692416191101074,44.07575607299805,12.695685386657715,6.893453598022461,0.13748222903814167,56,se3_log_map,0.9032330513000488,1.8112040758132935,-0.7741998434066772,-0.6401436924934387,253.95249938964844,172.34219360351562,-46.9808349609375
-0.8589494824409485,0.07257447391748428,1.9164072275161743,245.39202880859375,9.214752197265625,124.81486511230469,1.4662939310073853,41.984954833984375,12.534589767456055,43.81612014770508,12.537774085998535,6.876583576202393,0.13844511401839554,56,se3_log_map,0.9052773118019104,1.8108265399932861,-0.7740869522094727,-0.6410901546478271,254.24429321289062,172.44834899902344,-47.27809143066406
-0.8597831726074219,0.07317664474248886,1.9156917333602905,246.25645446777344,9.331748962402344,124.71012878417969,1.4708071947097778,41.77592849731445,12.26181411743164,43.53826141357422,12.264971733093262,7.033992290496826,0.13941252400400117,56,se3_log_map,0.906578004360199,1.8101797103881836,-0.774207592010498,-0.6423977017402649,254.88705444335938,172.73504638671875,-47.90121078491211
-0.8604283928871155,0.07371629774570465,1.914937138557434,246.9578399658203,9.443687438964844,124.58771514892578,1.4627594947814941,41.533931732177734,12.048117637634277,43.24609375,12.05121898651123,7.323001861572266,0.1382778719998896,56,se3_log_map,0.9025372266769409,1.809525728225708,-0.7741673588752747,-0.6435349583625793,255.38377380371094,172.95382690429688,-48.42120361328125
-0.8603018522262573,0.07419949769973755,1.914240837097168,246.9911346435547,9.442543029785156,124.45375061035156,1.4637367725372314,41.13372039794922,11.97399616241455,42.84109878540039,11.977012634277344,7.278284072875977,0.13977938401512802,56,se3_log_map,0.9034077525138855,1.8091204166412354,-0.7734532952308655,-0.6441001296043396,255.33212280273438,172.9140167236328,-48.41950225830078
-0.8592467308044434,0.07414256036281586,1.9131760597229004,246.47149658203125,9.551437377929688,123.81529998779297,1.4710711240768433,40.555381774902344,11.580490112304688,42.1763801574707,11.58320426940918,7.226769924163818,0.13814364495920017,56,se3_log_map,0.907611608505249,1.808427095413208,-0.7720084190368652,-0.6436589360237122,254.6261444091797,172.24266052246094,-48.4061279296875
-0.8583547472953796,0.07412876933813095,1.9123475551605225,245.95379638671875,9.628921508789062,123.2612075805664,1.4587880373001099,40.08257293701172,11.301403045654297,41.64533996582031,11.303884506225586,7.422103404998779,0.1390036219963804,56,se3_log_map,0.9043210744857788,1.807918667793274,-0.7707995772361755,-0.6432969570159912,253.9598388671875,171.6408233642578,-48.361602783203125
-0.8583268523216248,0.07445008307695389,1.912126898765564,245.80410766601562,9.565841674804688,123.20507049560547,1.4570220708847046,39.90425109863281,11.351874351501465,41.48752212524414,11.354308128356934,7.389743328094482,0.13846732798265293,56,se3_log_map,0.9042877554893494,1.8078532218933105,-0.7704862952232361,-0.6436404585838318,253.81040954589844,171.56849670410156,-48.23625183105469
-0.8588263392448425,0.07474387437105179,1.911895990371704,246.0252227783203,9.563278198242188,123.21710205078125,1.461323618888855,39.865509033203125,11.328248023986816,41.44379425048828,11.330709457397461,7.342512130737305,0.13895630202023312,56,se3_log_map,0.9051235914230347,1.8076194524765015,-0.7706846594810486,-0.6443049907684326,253.9873046875,171.69192504882812,-48.37495803833008
-0.8597951531410217,0.07507678866386414,1.9117259979248047,246.51217651367188,9.536903381347656,123.42092895507812,1.4678372144699097,39.956329345703125,11.393997192382812,41.54914474487305,11.39656925201416,7.303837299346924,0.1379382039885968,56,se3_log_map,0.9057079553604126,1.807325005531311,-0.7713324427604675,-0.6452953219413757,254.46441650390625,172.0587158203125,-48.57174301147461
-0.8608741760253906,0.07575872540473938,1.9121981859207153,246.76036071777344,9.290473937988281,124.03987121582031,1.46743643283844,40.1668815612793,11.896167755126953,41.89149475097656,11.898979187011719,7.091684818267822,0.14024625404272228,56,se3_log_map,0.9069746732711792,1.8077216148376465,-0.7721682786941528,-0.646502673625946,254.9254608154297,172.6747283935547,-48.27177810668945
-0.8612671494483948,0.07639102637767792,1.9129594564437866,246.40838623046875,8.964874267578125,124.60499572753906,1.461808681488037,40.307838439941406,12.4957914352417,42.2003173828125,12.498827934265137,6.709505558013916,0.13750177499605343,56,se3_log_map,0.9035568237304688,1.8085533380508423,-0.7725128531455994,-0.6471346616744995,254.87628173828125,173.02783203125,-47.57880401611328
-0.8606808185577393,0.07613809406757355,1.9128665924072266,245.7000732421875,8.952293395996094,124.33638763427734,1.4710298776626587,40.2015266418457,12.449206352233887,42.08498001098633,12.452136039733887,6.575422763824463,0.13467270304681733,56,se3_log_map,0.9071236848831177,1.808533787727356,-0.7720625996589661,-0.6465426087379456,254.18370056152344,172.56179809570312,-47.305564880371094
-0.8600585460662842,0.07575487345457077,1.9124420881271362,245.09429931640625,9.0565185546875,123.94246673583984,1.4664604663848877,40.02743148803711,12.267435073852539,41.86508560180664,12.270212173461914,6.690469264984131,0.1399919000105001,56,se3_log_map,0.9072659015655518,1.8081706762313843,-0.771506130695343,-0.6458984613418579,253.500244140625,172.05853271484375,-47.22636032104492
-0.8600977063179016,0.07572653144598007,1.9122886657714844,244.9292755126953,9.111618041992188,123.85061645507812,1.4644571542739868,39.99971389770508,12.209827423095703,41.82173156738281,12.212583541870117,6.739480972290039,0.1402688889647834,56,se3_log_map,0.9071244597434998,1.8080090284347534,-0.7714909315109253,-0.6459406614303589,253.29876708984375,171.97512817382812,-47.241859436035156
-0.8606088161468506,0.07568809390068054,1.9118469953536987,245.2935333251953,9.296424865722656,123.70365142822266,1.4693683385849,40.01218032836914,11.908232688903809,41.74662399291992,11.910935401916504,6.870696544647217,0.1391352610080503,56,se3_log_map,0.9090904593467712,1.8074487447738647,-0.7718002796173096,-0.6463624238967896,253.49649047851562,172.0530548095703,-47.700504302978516
-0.8613414168357849,0.07553800195455551,1.911019206047058,246.00054931640625,9.625541687011719,123.36351013183594,1.4679818153381348,40.00643539428711,11.34658432006836,41.584373474121094,11.349193572998047,7.281772136688232,0.1401204610010609,56,se3_log_map,0.9056808352470398,1.8064312934875488,-0.7722113728523254,-0.6469330191612244,253.8856201171875,172.11019897460938,-48.56878662109375
-0.861969530582428,0.07562554627656937,1.9106475114822388,246.4382781982422,9.8077392578125,123.18972778320312,1.4619892835617065,40.038387298583984,11.05379867553711,41.53623962402344,11.056368827819824,7.68501091003418,0.13963733095442876,56,se3_log_map,0.9014660716056824,1.8059518337249756,-0.7725887894630432,-0.6475292444229126,254.13453674316406,172.19984436035156,-49.10095977783203
-0.8623257279396057,0.07613950967788696,1.9112458229064941,246.30616760253906,9.620986938476562,123.50947570800781,1.4658434391021729,40.152618408203125,11.384302139282227,41.73529815673828,11.386991500854492,7.357572078704834,0.13412174803670496,56,se3_log_map,0.905129075050354,1.806599736213684,-0.7728943228721619,-0.6480724215507507,254.15956115722656,172.43772888183594,-48.77410888671875
-0.8622475862503052,0.07679468393325806,1.912203073501587,245.72557067871094,9.281173706054688,123.93049621582031,1.4716660976409912,40.21760559082031,11.960098266601562,41.95831298828125,11.962963104248047,6.8251495361328125,0.1377325929934159,56,se3_log_map,0.9076961278915405,1.807751178741455,-0.77286696434021,-0.6483630537986755,253.874755859375,172.5791473388672,-48.00390625
-0.8625873923301697,0.07804705947637558,1.9145472049713135,244.93402099609375,8.617904663085938,125.1309585571289,1.4495429992675781,40.66138458251953,13.2789888381958,42.774757385253906,13.282320022583008,6.226804733276367,0.13980637298664078,56,se3_log_map,0.8937050700187683,1.8102821111679077,-0.7735123038291931,-0.6490942239761353,253.74205017089844,173.2943572998047,-46.54555892944336
-0.8622997403144836,0.07879765331745148,1.9159250259399414,244.09564208984375,8.225265502929688,125.74600219726562,1.4354305267333984,40.80351257324219,14.117308616638184,43.176673889160156,14.12091064453125,6.044727325439453,0.13795828499132767,56,se3_log_map,0.8859845399856567,1.811911940574646,-0.7734208703041077,-0.6492207050323486,253.3040313720703,173.53707885742188,-45.491302490234375
-0.8618215918540955,0.07941559702157974,1.9168307781219482,243.3722686767578,7.957954406738281,126.14399719238281,1.4255714416503906,40.79091262817383,14.73947525024414,43.37223434448242,14.743245124816895,6.1403045654296875,0.13885551801649854,56,se3_log_map,0.8813709020614624,1.813113808631897,-0.7730129361152649,-0.6492328643798828,252.85511779785156,173.65895080566406,-44.66605758666992
-0.8615169525146484,0.0799284279346466,1.917660117149353,242.88748168945312,7.774971008300781,126.4842300415039,1.4177663326263428,40.837528228759766,15.214123725891113,43.579505920410156,15.218060493469238,6.32396936416626,0.13882084301440045,56,se3_log_map,0.878368079662323,1.8141552209854126,-0.7727972865104675,-0.6492815017700195,252.57339477539062,173.82164001464844,-44.08697509765625
-0.8612629771232605,0.08033359795808792,1.9181116819381714,242.6444549560547,7.716117858886719,126.65496063232422,1.4150747060775757,40.806480407714844,15.430983543395996,43.626644134521484,15.434966087341309,6.435455799102783,0.13934477604925632,56,se3_log_map,0.8775267004966736,1.8147969245910645,-0.7725222110748291,-0.6493688821792603,252.4080810546875,173.94410705566406,-43.81180191040039
-0.8610702157020569,0.08067672699689865,1.9183802604675293,242.5659942626953,7.777740478515625,126.65939331054688,1.4147589206695557,40.74958419799805,15.41170883178711,43.56660842895508,15.41571044921875,6.461822986602783,0.13772263197461143,56,se3_log_map,0.8772958517074585,1.8152304887771606,-0.7722591757774353,-0.6494892239570618,252.29209899902344,174.01612854003906,-43.81922912597656
-0.8610280156135559,0.08091974258422852,1.9186021089553833,242.61648559570312,7.892860412597656,126.64493560791016,1.4152803421020508,40.74606704711914,15.300058364868164,43.52394485473633,15.304022789001465,6.417237758636475,0.13933503394946456,56,se3_log_map,0.8775829672813416,1.8155395984649658,-0.7721771597862244,-0.6496270895004272,252.26905822753906,174.1223907470703,-43.9667854309082
-0.861095666885376,0.08102481812238693,1.9186605215072632,242.81610107421875,8.075294494628906,126.57197570800781,1.4164482355117798,40.7549934387207,15.057024955749512,43.447479248046875,15.060957908630371,6.30340051651001,0.13731100602308288,56,se3_log_map,0.8786594271659851,1.8156154155731201,-0.7722065448760986,-0.6497529149055481,252.34088134765625,174.23223876953125,-44.28392791748047
-0.8611212372779846,0.0807575210928917,1.9185364246368408,243.085205078125,8.379714965820312,126.29884338378906,1.4199347496032715,40.79365539550781,14.586267471313477,43.32299041748047,14.59009075164795,6.1819000244140625,0.1372999549494125,56,se3_log_map,0.8798710107803345,1.8153899908065796,-0.7723310589790344,-0.6495541930198669,252.38803100585938,174.1888885498047,-44.851322174072266
-0.8610942363739014,0.08029413968324661,1.9181296825408936,243.48495483398438,8.793739318847656,125.81983947753906,1.427996277809143,40.778411865234375,13.876825332641602,43.07487869262695,13.880441665649414,6.077772617340088,0.13890089804772288,56,se3_log_map,0.8829560875892639,1.8148449659347534,-0.772392749786377,-0.6492171883583069,252.4559783935547,174.01942443847656,-45.676109313964844
-0.8607374429702759,0.07947028428316116,1.9171711206436157,243.91717529296875,9.384346008300781,124.95287322998047,1.4469451904296875,40.59684753417969,12.808791160583496,42.569583892822266,12.812060356140137,6.199227809906006,0.13456922199111432,56,se3_log_map,0.8910623788833618,1.8137482404708862,-0.7721025347709656,-0.6484834551811218,252.3834686279297,173.54324340820312,-46.819820404052734
-0.860397219657898,0.07877286523580551,1.9159400463104248,244.46347045898438,9.992149353027344,124.09009552001953,1.4649274349212646,40.304168701171875,11.711174964904785,41.971153259277344,11.71406078338623,6.45149564743042,0.13996954000322148,56,se3_log_map,0.9031949043273926,1.8124494552612305,-0.7716325521469116,-0.6479552388191223,252.39492797851562,173.1309356689453,-48.001800537109375
-0.860042154788971,0.07786978781223297,1.914522409439087,245.14443969726562,10.71051025390625,122.97652435302734,1.4709172248840332,40.02169418334961,10.385482788085938,41.34724044799805,10.387957572937012,7.155244827270508,0.13863236998440698,56,se3_log_map,0.9077929258346558,1.8109030723571777,-0.7711860537528992,-0.64727783203125,252.42095947265625,172.552734375,-49.489410400390625
-0.8598337173461914,0.07710769772529602,1.913489818572998,245.73773193359375,11.315589904785156,122.04232788085938,1.451268196105957,39.87213134765625,9.305318832397461,40.94356918334961,9.307428359985352,8.361767768859863,0.13863982300972566,56,se3_log_map,0.8937886357307434,1.8097219467163086,-0.7709704041481018,-0.6467199921607971,252.4644317626953,172.07603454589844,-50.780616760253906
-0.8598697781562805,0.07671597599983215,1.9134156703948975,246.0467987060547,11.623123168945312,121.59392547607422,1.4370801448822021,39.97914123535156,8.784582138061523,40.932884216308594,8.786581993103027,9.22844409942627,0.13777989597292617,56,se3_log_map,0.883083701133728,1.8094894886016846,-0.7712007164955139,-0.6463988423347473,252.50726318359375,171.8585205078125,-51.49348831176758
-0.859947919845581,0.07653707265853882,1.9139797687530518,246.0146026611328,11.705368041992188,121.45498657226562,1.4343615770339966,40.23150634765625,8.659229278564453,41.1528434753418,8.661208152770996,9.453577041625977,0.13999008596874774,56,se3_log_map,0.8818931579589844,1.8099092245101929,-0.771632969379425,-0.6461246609687805,252.42308044433594,171.740966796875,-51.715816497802734
-0.8601670861244202,0.07678109407424927,1.9152148962020874,245.70730590820312,11.536628723144531,121.70716857910156,1.4440243244171143,40.604801177978516,8.972068786621094,41.584228515625,8.974153518676758,8.911952018737793,0.12806075700791553,56,se3_log_map,0.888213574886322,1.81106698513031,-0.7722526788711548,-0.6461482644081116,252.29165649414062,171.83319091796875,-51.41843795776367
-0.8607290387153625,0.07760811597108841,1.917356014251709,245.21969604492188,11.051406860351562,122.52044677734375,1.4659978151321411,41.1966438293457,9.861709594726562,42.360557556152344,9.864165306091309,7.679096221923828,0.13969172100769356,56,se3_log_map,0.9034967422485352,1.8131816387176514,-0.7732657194137573,-0.6466853022575378,252.2677001953125,172.3029327392578,-50.53282165527344
-0.8614452481269836,0.0786300003528595,1.9198908805847168,244.63999938964844,10.42279052734375,123.57060241699219,1.4697306156158447,41.933414459228516,11.045004844665527,43.36362075805664,11.047955513000488,6.976587772369385,0.13843842403730378,56,se3_log_map,0.9061330556869507,1.815687894821167,-0.7744918465614319,-0.6473936438560486,252.28424072265625,172.9177703857422,-49.3867301940918
-0.8616530299186707,0.07940205931663513,1.92157781124115,244.07333374023438,10.008628845214844,124.11286163330078,1.4577763080596924,42.34831619262695,11.81797981262207,43.96640396118164,11.821240425109863,6.701844692230225,0.1377257730346173,56,se3_log_map,0.8982862234115601,1.8174669742584229,-0.7749999761581421,-0.6477766036987305,252.0818634033203,173.1502227783203,-48.60021209716797
-0.8615928292274475,0.07973231375217438,1.9228118658065796,243.48948669433594,9.744194030761719,124.41547393798828,1.4499425888061523,42.67046356201172,12.367209434509277,44.42652893066406,12.370688438415527,6.626795291900635,0.13765094301197678,56,se3_log_map,0.8930951356887817,1.818735122680664,-0.7753064632415771,-0.6476995944976807,251.75474548339844,173.17864990234375,-48.00931167602539
-0.8614101409912109,0.07968434691429138,1.9233478307724,243.17233276367188,9.705741882324219,124.34325408935547,1.4487625360488892,42.82345199584961,12.467068672180176,44.60129928588867,12.470587730407715,6.696169376373291,0.13943877298152074,56,se3_log_map,0.8922099471092224,1.8192543983459473,-0.7754015922546387,-0.6473854184150696,251.47784423828125,172.99899291992188,-47.90040588378906
-0.8610586524009705,0.07926266640424728,1.923029899597168,243.13954162597656,9.930221557617188,123.83077239990234,1.4546592235565186,42.7357292175293,12.044456481933594,44.40058135986328,12.047779083251953,6.8544440269470215,0.2037550020031631,56,se3_log_map,0.8969206213951111,1.8188977241516113,-0.7751681804656982,-0.6468518376350403,251.2294464111328,172.5774688720703,-48.33271026611328
-0.8608100414276123,0.07874497771263123,1.9222577810287476,243.40797424316406,10.307792663574219,123.12353515625,1.4621658325195312,42.54562759399414,11.308192253112793,44.02278518676758,11.311219215393066,7.077617645263672,0.138710618019104,56,se3_log_map,0.9046163558959961,1.8180619478225708,-0.7748846411705017,-0.646422803401947,251.1291046142578,172.1276397705078,-49.138668060302734
-0.8608993291854858,0.07797407358884811,1.9210867881774902,244.1163330078125,10.826171875,122.28642272949219,1.463161587715149,42.382476806640625,10.262198448181152,43.60719299316406,10.264851570129395,7.679067611694336,0.14094628603197634,56,se3_log_map,0.9060158133506775,1.816668152809143,-0.7748919129371643,-0.6460883021354675,251.33648681640625,171.71568298339844,-50.37624740600586
-0.8616167902946472,0.07765943557024002,1.9206740856170654,244.9496307373047,11.108146667480469,122.01197052001953,1.4616737365722656,42.51763916015625,9.654483795166016,43.5999870300293,9.656965255737305,8.089985847473145,0.13777312700403854,56,se3_log_map,0.9016637206077576,1.8159664869308472,-0.7755733728408813,-0.6463756561279297,251.89712524414062,171.79237365722656,-51.271202087402344
-0.862521231174469,0.07764328271150589,1.920781135559082,245.6155548095703,11.192787170410156,122.12047576904297,1.4569257497787476,42.79576110839844,9.471427917480469,43.83132553100586,9.473968505859375,8.503031730651855,0.13764920103130862,56,se3_log_map,0.8963295221328735,1.815801978111267,-0.7764931917190552,-0.6469172239303589,252.4882354736328,172.11544799804688,-51.74399948120117
-0.8630965948104858,0.07796746492385864,1.9214539527893066,245.70074462890625,11.041465759277344,122.51809692382812,1.4558290243148804,43.084678649902344,9.767756462097168,44.178035736083984,9.770448684692383,8.295044898986816,0.13899898302042857,56,se3_log_map,0.8988614678382874,1.8163789510726929,-0.7771561741828918,-0.6474039554595947,252.72911071777344,172.47315979003906,-51.54856491088867
-0.8629336357116699,0.07852599024772644,1.9223803281784058,245.18377685546875,10.763053894042969,122.83375549316406,1.4660158157348633,43.20280456542969,10.263204574584961,44.40513229370117,10.26607608795166,7.750768184661865,0.22305678599514067,56,se3_log_map,0.9049606919288635,1.8174874782562256,-0.7770934104919434,-0.6475597023963928,252.45278930664062,172.55239868164062,-50.917152404785156
-0.8623202443122864,0.07901188731193542,1.9232579469680786,244.32083129882812,10.452720642089844,123.08892822265625,1.4711568355560303,43.211524963378906,10.87165641784668,44.55815124511719,10.874688148498535,7.260965347290039,0.1389062199741602,56,se3_log_map,0.9074053764343262,1.8186500072479248,-0.7766212224960327,-0.6473698019981384,251.86802673339844,172.4566650390625,-50.05784225463867
-0.8616183400154114,0.07952188700437546,1.9237792491912842,243.5216522216797,10.18621826171875,123.30702209472656,1.4643380641937256,43.07284927368164,11.451362609863281,44.569095611572266,11.45455265045166,7.003564357757568,0.13912196998717263,56,se3_log_map,0.9033540487289429,1.8195234537124634,-0.7758894562721252,-0.647246241569519,251.3035125732422,172.37371826171875,-49.23973083496094
-0.8613056540489197,0.08008920401334763,1.9242982864379883,243.09568786621094,9.96240234375,123.60858154296875,1.455078125,43.023216247558594,11.927656173706055,44.64601135253906,11.93097972869873,6.896842956542969,0.13932412100257352,56,se3_log_map,0.8969908356666565,1.8203068971633911,-0.7754946947097778,-0.6474297046661377,251.0745391845703,172.49710083007812,-48.64311599731445
-0.8611205816268921,0.08035165816545486,1.9243524074554443,242.98240661621094,9.914192199707031,123.67300415039062,1.4524000883102417,42.92490005493164,12.039149284362793,44.58125305175781,12.042509078979492,6.873144149780273,0.14012315694708377,56,se3_log_map,0.8957334160804749,1.8205119371414185,-0.7751895189285278,-0.647540807723999,250.9956512451172,172.53695678710938,-48.47874450683594
-0.8612816333770752,0.08086162805557251,1.9242089986801147,243.17996215820312,9.860877990722656,123.91557312011719,1.4513933658599854,42.780704498291016,12.126485824584961,44.46617126464844,12.129894256591797,6.727194309234619,0.13936056598322466,56,se3_log_map,0.8942187428474426,1.8205381631851196,-0.7749821543693542,-0.6481639742851257,251.2278594970703,172.8601837158203,-48.37118148803711
-0.8614198565483093,0.0810922384262085,1.9237616062164307,243.5955810546875,9.955406188964844,123.84058380126953,1.454557180404663,42.59687805175781,11.870546340942383,44.21995162963867,11.873832702636719,6.684031009674072,0.2288265890092589,56,se3_log_map,0.8961036205291748,1.8201838731765747,-0.7747781872749329,-0.6485955715179443,251.5165252685547,172.9814453125,-48.672821044921875
-0.8612494468688965,0.08089708536863327,1.9227206707000732,244.0709991455078,10.247817993164062,123.35652923583984,1.4645168781280518,42.23568344116211,11.24404239654541,43.70676803588867,11.247060775756836,6.809104919433594,0.1405486089643091,56,se3_log_map,0.902930498123169,1.819209337234497,-0.7742592096328735,-0.6485946774482727,251.6776123046875,172.7859344482422,-49.33788299560547
-0.8609265089035034,0.08051616698503494,1.9214246273040771,244.583740234375,10.613044738769531,122.67988586425781,1.4723632335662842,41.80009460449219,10.471633911132812,43.091800689697266,10.474318504333496,7.116699695587158,0.14074654795695096,56,se3_log_map,0.9082940816879272,1.8179725408554077,-0.7735886573791504,-0.6483922600746155,251.7960968017578,172.43226623535156,-50.1624755859375
-0.8606663942337036,0.0802956223487854,1.9202781915664673,245.05624389648438,10.923202514648438,122.1360855102539,1.470244288444519,41.395755767822266,9.840017318725586,42.54920196533203,9.842421531677246,7.4815754890441895,0.13835021597333252,56,se3_log_map,0.9069730043411255,1.8169169425964355,-0.7729523777961731,-0.6483386158943176,251.93148803710938,172.18695068359375,-50.85605239868164
-0.8606641888618469,0.080508291721344,1.91981840133667,245.37872314453125,11.011375427246094,122.04422760009766,1.4678370952606201,41.178462982177734,9.64736270904541,42.2934684753418,9.649700164794922,7.597936630249023,0.1382011899841018,56,se3_log_map,0.9048460721969604,1.8165842294692993,-0.7726189494132996,-0.6486651301383972,252.13644409179688,172.26248168945312,-51.095481872558594
-0.8605483770370483,0.08075527101755142,1.9196332693099976,245.46363830566406,11.020774841308594,122.00621795654297,1.4674842357635498,41.01620864868164,9.604336738586426,42.12567901611328,9.606640815734863,7.594181537628174,0.13892696099355817,56,se3_log_map,0.904524564743042,1.8165459632873535,-0.7722809314727783,-0.6488729119300842,252.1795654296875,172.2861328125,-51.12846374511719
-0.8603087067604065,0.08112845569849014,1.919718623161316,245.28646850585938,10.920448303222656,122.0947494506836,1.4710235595703125,40.87975311279297,9.769408226013184,42.030887603759766,9.771738052368164,7.386857509613037,0.1378294189926237,56,se3_log_map,0.9072874188423157,1.8168376684188843,-0.7718729972839355,-0.6490427851676941,252.06639099121094,172.31564331054688,-50.86545944213867
-0.8600226640701294,0.0813792422413826,1.9198821783065796,245.00550842285156,10.806678771972656,122.16394805908203,1.4719176292419434,40.792449951171875,9.965913772583008,41.992183685302734,9.96828556060791,7.2059407234191895,0.1395671779755503,56,se3_log_map,0.9089502096176147,1.8171651363372803,-0.7715275287628174,-0.6490461826324463,251.86985778808594,172.27500915527344,-50.55665969848633
-0.8597378134727478,0.08144430071115494,1.9198377132415771,244.8109893798828,10.750457763671875,122.10635375976562,1.4710404872894287,40.684722900390625,10.041470527648926,41.90558624267578,10.043811798095703,7.159384250640869,0.13792913302313536,56,se3_log_map,0.9089517593383789,1.8172301054000854,-0.7711977362632751,-0.6489343643188477,251.6998291015625,172.1433563232422,-50.40296936035156
-0.859687864780426,0.08168862760066986,1.9198659658432007,244.7558135986328,10.672416687011719,122.16214752197266,1.4715032577514648,40.61460876464844,10.147420883178711,41.86307144165039,10.149786949157715,7.073036193847656,0.13767581398133188,56,se3_log_map,0.9090903997421265,1.817366361618042,-0.7710201740264893,-0.649122953414917,251.68438720703125,172.1693115234375,-50.26372528076172
-0.8599483966827393,0.08217030018568039,1.920161485671997,244.828125,10.502334594726562,122.44392395019531,1.4725844860076904,40.65516662597656,10.395236015319824,41.9631233215332,10.397692680358887,6.896615505218506,0.1397213350282982,56,se3_log_map,0.9087458848953247,1.8177516460418701,-0.7711204886436462,-0.6496604681015015,251.87442016601562,172.42019653320312,-50.03049850463867
-0.8601256012916565,0.08263679593801498,1.9203429222106934,244.90643310546875,10.365486145019531,122.65888977050781,1.470543384552002,40.64021301269531,10.587944030761719,41.99680709838867,10.590466499328613,6.776005268096924,0.13971813896205276,56,se3_log_map,0.9075807332992554,1.8180509805679321,-0.7710988521575928,-0.6501616835594177,252.03614807128906,172.62693786621094,-49.84811782836914
-0.8601160049438477,0.08291906863451004,1.9203532934188843,244.95924377441406,10.302116394042969,122.67820739746094,1.4700255393981934,40.566162109375,10.638191223144531,41.937870025634766,10.64072322845459,6.736932277679443,0.13875761401141062,56,se3_log_map,0.9070653319358826,1.8181743621826172,-0.7709296345710754,-0.650416910648346,252.0986785888672,172.6572265625,-49.80139923095703
-0.8597759008407593,0.08294802159070969,1.9199453592300415,244.91647338867188,10.356651306152344,122.45390319824219,1.4723830223083496,40.325286865234375,10.503097534179688,41.67066192626953,10.505549430847168,6.765787124633789,0.1385992569848895,56,se3_log_map,0.9085674285888672,1.817910075187683,-0.7704039812088013,-0.6503369808197021,251.96690368652344,172.46810913085938,-49.878658294677734
-0.8592484593391418,0.0828409269452095,1.9193265438079834,244.896240234375,10.500541687011719,122.00061798095703,1.4715445041656494,39.99858093261719,10.194201469421387,41.27721405029297,10.196464538574219,6.929248332977295,0.13878514303360134,56,se3_log_map,0.9093495607376099,1.8174525499343872,-0.769684374332428,-0.6500669121742249,251.7593536376953,172.0990447998047,-50.145423889160156
-0.8594931364059448,0.08330365270376205,1.9197686910629272,244.9307861328125,10.353469848632812,122.36111450195312,1.4724936485290527,40.093772888183594,10.462648391723633,41.436431884765625,10.465032577514648,6.730314254760742,0.14011447603115812,56,se3_log_map,0.9087324142456055,1.817968487739563,-0.7698466777801514,-0.6505357623100281,251.9303436279297,172.42703247070312,-49.876609802246094
-0.8596296310424805,0.08359117060899734,1.9200586080551147,244.9725341796875,10.277473449707031,122.55316162109375,1.4702686071395874,40.155609130859375,10.601073265075684,41.5313835144043,10.603513717651367,6.648706912994385,0.13806630100589246,56,se3_log_map,0.9072346687316895,1.818306803703308,-0.7699396014213562,-0.6508128046989441,252.0396270751953,172.6138458251953,-49.75309371948242
-0.8595883846282959,0.08371632546186447,1.9199230670928955,245.10342407226562,10.311752319335938,122.48014831542969,1.4706182479858398,40.06378936767578,10.508648872375488,41.419063568115234,10.511051177978516,6.677556991577148,0.13879238901427016,56,se3_log_map,0.9076202511787415,1.8182445764541626,-0.7697658538818359,-0.6509408950805664,252.11207580566406,172.61305236816406,-49.87118911743164
-0.8594545722007751,0.0838913843035698,1.919856309890747,245.16249084472656,10.334373474121094,122.38750457763672,1.4707528352737427,39.9586181640625,10.435514450073242,41.298805236816406,10.43787670135498,6.689359664916992,0.13869852700736374,56,se3_log_map,0.9080522060394287,1.81829035282135,-0.7695057392120361,-0.6510365009307861,252.11764526367188,172.57437133789062,-49.95011520385742
-0.8591832518577576,0.08405961096286774,1.9196321964263916,245.18898010253906,10.383514404296875,122.21788024902344,1.4722028970718384,39.76338577270508,10.314831733703613,41.0794677734375,10.317113876342773,6.710072040557861,0.13231779396301135,56,se3_log_map,0.9087175130844116,1.818228006362915,-0.7690473794937134,-0.6510802507400513,252.0594482421875,172.46917724609375,-50.04884338378906
-0.8588871359825134,0.08412158489227295,1.9195151329040527,245.12449645996094,10.433586120605469,122.05104064941406,1.4730942249298096,39.6275634765625,10.21717357635498,40.923519134521484,10.21939468383789,6.735599517822266,0.13902833900647238,56,se3_log_map,0.9090444445610046,1.8182281255722046,-0.7686756253242493,-0.6509784460067749,251.92843627929688,172.32980346679688,-50.1121826171875
-0.8586626648902893,0.08424047380685806,1.9195129871368408,245.0391845703125,10.457420349121094,121.96366882324219,1.4730749130249023,39.53645324707031,10.18160629272461,40.826416015625,10.183799743652344,6.73169469833374,0.1386734709958546,56,se3_log_map,0.9091193675994873,1.8183355331420898,-0.768390953540802,-0.650944709777832,251.80970764160156,172.254638671875,-50.11308288574219
-0.858492374420166,0.08446706086397171,1.9195020198822021,245.01425170898438,10.468299865722656,121.92090606689453,1.4730627536773682,39.42805862426758,10.16122817993164,40.716365814208984,10.163397789001465,6.70661735534668,0.13975402497453615,56,se3_log_map,0.909136950969696,1.818461537361145,-0.7680909037590027,-0.6510493755340576,251.7559356689453,172.24459838867188,-50.10818099975586
-0.8582861423492432,0.0845351591706276,1.9193140268325806,245.04440307617188,10.540924072265625,121.76276397705078,1.472252607345581,39.28942108154297,10.027956008911133,40.54896545410156,10.030061721801758,6.761247634887695,0.13972619199194014,56,se3_log_map,0.9095616340637207,1.818374752998352,-0.767769455909729,-0.6510313153266907,251.70077514648438,172.15316772460938,-50.23683166503906
-0.8582912683486938,0.08466095477342606,1.9192296266555786,245.1752471923828,10.591064453125,121.69700622558594,1.4726464748382568,39.227481842041016,9.92643928527832,40.46392822265625,9.928509712219238,6.795170307159424,0.1389527390128933,56,se3_log_map,0.9097281098365784,1.8183459043502808,-0.7676624655723572,-0.6511757969856262,251.76864624023438,172.17103576660156,-50.37604904174805
-0.8584266304969788,0.08472386002540588,1.9191243648529053,245.39349365234375,10.649223327636719,121.64420318603516,1.4733867645263672,39.2089729309082,9.80459976196289,40.416255950927734,9.806649208068848,6.861473560333252,0.21660251799039543,56,se3_log_map,0.9096219539642334,1.818237543106079,-0.7677074074745178,-0.6513516902923584,251.9186553955078,172.21994018554688,-50.574241638183594
-0.858539879322052,0.0848022922873497,1.9189298152923584,245.63113403320312,10.700820922851562,121.56664276123047,1.4725525379180908,39.14904022216797,9.679563522338867,40.32792282104492,9.681562423706055,6.948575496673584,0.13984708895441145,56,se3_log_map,0.909027636051178,1.8180601596832275,-0.7676815986633301,-0.6515526175498962,252.0800018310547,172.24778747558594,-50.77890396118164
-0.8585899472236633,0.08488219231367111,1.9188514947891235,245.74703979492188,10.717063903808594,121.53091430664062,1.4718183279037476,39.11349868774414,9.629341125488281,40.28138732910156,9.63133716583252,6.989030838012695,0.13885292102349922,56,se3_log_map,0.9086829423904419,1.8180066347122192,-0.767647385597229,-0.651681661605835,252.16070556640625,172.2634735107422,-50.8701057434082
-0.8586007356643677,0.08537299931049347,1.9191457033157349,245.64596557617188,10.584144592285156,121.73861694335938,1.4721307754516602,39.09229278564453,9.847765922546387,40.313594818115234,9.849828720092773,6.794677734375,0.13925907900556922,56,se3_log_map,0.9083458781242371,1.8184635639190674,-0.7675029635429382,-0.6520665287971497,252.1570281982422,172.42530822753906,-50.59568405151367
-0.8584999442100525,0.08597669750452042,1.919547200202942,245.38970947265625,10.384872436523438,122.02523803710938,1.4704113006591797,39.0532341003418,10.190979957580566,40.36101150512695,10.19314193725586,6.533278942108154,0.1388626680127345,56,se3_log_map,0.908072829246521,1.8190933465957642,-0.767234742641449,-0.6524550318717957,252.0591583251953,172.59877014160156,-50.13035202026367
-0.8583096861839294,0.08665967732667923,1.9199388027191162,245.09446716308594,10.190956115722656,122.28263092041016,1.465944528579712,38.9702033996582,10.532906532287598,40.3685417175293,10.535160064697266,6.311151027679443,0.13881577097345144,56,se3_log_map,0.9045954942703247,1.8197697401046753,-0.7668300867080688,-0.6528627276420593,251.9103546142578,172.74913024902344,-49.6541862487793
-0.8576874136924744,0.08664127439260483,1.9196609258651733,244.78619384765625,10.249923706054688,121.9835433959961,1.4685280323028564,38.710418701171875,10.437030792236328,40.09274673461914,10.439192771911621,6.336519718170166,0.20708183600800112,56,se3_log_map,0.9062054753303528,1.819682002067566,-0.7661209106445312,-0.6525183916091919,251.52334594726562,172.41693115234375,-49.62853240966797
-0.8570347428321838,0.08636598289012909,1.9189473390579224,244.6993408203125,10.460342407226562,121.39337921142578,1.4674994945526123,38.3529167175293,10.056905746459961,39.649559020996094,10.058857917785645,6.572144985198975,0.13883779203752056,56,se3_log_map,0.9078932404518127,1.819105625152588,-0.7653371691703796,-0.6520339846611023,251.19996643066406,171.91757202148438,-49.984031677246094
-0.8568159341812134,0.08617683500051498,1.9182995557785034,244.9320526123047,10.670867919921875,120.9258041381836,1.4642937183380127,38.11233901977539,9.64924430847168,39.31486129760742,9.651030540466309,6.882713794708252,0.1389305530465208,56,se3_log_map,0.9071900844573975,1.8185031414031982,-0.7649468779563904,-0.6518934369087219,251.192138671875,171.62989807128906,-50.48438262939453
-0.8571152091026306,0.08622696995735168,1.9178533554077148,245.47010803222656,10.8199462890625,120.68763732910156,1.4659185409545898,38.01743698120117,9.307581901550293,39.140220642089844,9.309259414672852,7.0917277336120605,0.1390135000110604,56,se3_log_map,0.9055126905441284,1.8180345296859741,-0.765001654624939,-0.6522579193115234,251.5344696044922,171.6370849609375,-51.02385711669922
-0.8578495979309082,0.08638644218444824,1.91778564453125,246.1356658935547,10.859352111816406,120.71837615966797,1.4667755365371704,38.14503860473633,9.155573844909668,39.228416442871094,9.157245635986328,7.221809387207031,0.14001116598956287,56,se3_log_map,0.9045416712760925,1.8178328275680542,-0.7655782103538513,-0.6529029607772827,252.1103515625,171.88247680664062,-51.45854187011719
-0.8584239482879639,0.08664955943822861,1.9178617000579834,246.5558319091797,10.830802917480469,120.809326171875,1.4633047580718994,38.257225036621094,9.156351089477539,39.33769226074219,9.158051490783691,7.395036697387695,0.1389680810389109,56,se3_log_map,0.9031398892402649,1.817846655845642,-0.7660061120986938,-0.6535012722015381,252.5072021484375,172.0983123779297,-51.66655731201172
-0.8588082790374756,0.08748386055231094,1.9184653759002686,246.5766143798828,10.562744140625,121.24812316894531,1.4619823694229126,38.3640022277832,9.551050186157227,39.535037994384766,9.552886962890625,7.038810729980469,0.13896806602133438,56,se3_log_map,0.9056097865104675,1.8186160326004028,-0.7661565542221069,-0.6543647646903992,252.71640014648438,172.47927856445312,-51.26652908325195
-0.8585453629493713,0.08827397972345352,1.919104814529419,246.11256408691406,10.246986389160156,121.58941650390625,1.4651544094085693,38.3271598815918,10.021366119384766,39.61564254760742,10.02332592010498,6.554697036743164,0.1387882239650935,56,se3_log_map,0.9066177010536194,1.8195796012878418,-0.7657318711280823,-0.6547572612762451,252.48997497558594,172.60415649414062,-50.562679290771484
-0.8571754693984985,0.08862370997667313,1.9187211990356445,245.24234008789062,10.182144165039062,121.12956237792969,1.4718973636627197,37.73434829711914,10.084294319152832,39.058597564697266,10.086133003234863,6.37243127822876,0.13885919097810984,56,se3_log_map,0.9091050624847412,1.8197447061538696,-0.7640448808670044,-0.6543008089065552,251.58462524414062,171.95089721679688,-50.13298034667969
-0.8561259508132935,0.08893436938524246,1.918443202972412,244.57432556152344,10.130912780761719,120.75326538085938,1.4594042301177979,37.27912521362305,10.192123413085938,38.64728546142578,10.193857192993164,6.474809169769287,0.13895427202805877,56,se3_log_map,0.9051594138145447,1.8199015855789185,-0.7627346515655518,-0.653986394405365,250.88128662109375,171.43251037597656,-49.81950378417969
-0.8558304309844971,0.08936592191457748,1.9183682203292847,244.39260864257812,10.065200805664062,120.63623046875,1.4545670747756958,37.06700134277344,10.27470874786377,38.464691162109375,10.27642822265625,6.495171070098877,0.1389372879639268,56,se3_log_map,0.9036327600479126,1.8200829029083252,-0.7621651291847229,-0.654218852519989,250.68545532226562,171.2965087890625,-49.69116973876953
-0.8562057018280029,0.08994770050048828,1.9184670448303223,244.68002319335938,9.976097106933594,120.76172637939453,1.4622997045516968,37.058467864990234,10.30672836303711,38.46503448486328,10.308479309082031,6.313425540924072,0.14080314798047766,56,se3_log_map,0.9059805274009705,1.820297122001648,-0.7622262835502625,-0.6549800634384155,250.97915649414062,171.51951599121094,-49.726436614990234
-0.8569645881652832,0.09055965393781662,1.9185144901275635,245.28550720214844,9.920761108398438,120.93797302246094,1.4705960750579834,37.1295166015625,10.258131980895996,38.5205192565918,10.25989818572998,6.160497665405273,0.1390100399730727,56,se3_log_map,0.9085366725921631,1.8203712701797485,-0.7626132369041443,-0.6560326814651489,251.55389404296875,171.89938354492188,-49.96244812011719
-0.857739269733429,0.09126423299312592,1.9184677600860596,245.9525146484375,9.887413024902344,121.13592529296875,1.4680474996566772,37.1547737121582,10.225003242492676,38.53606033325195,10.226799011230469,6.138946533203125,0.13445459102513269,56,se3_log_map,0.9073578119277954,1.8203917741775513,-0.7629181742668152,-0.6572076678276062,252.17213439941406,172.34423828125,-50.22404861450195
-0.8579606413841248,0.09169898927211761,1.9179872274398804,246.38296508789062,9.972770690917969,121.00946807861328,1.4639086723327637,36.936038970947266,10.04765510559082,38.27827453613281,10.049398422241211,6.258596897125244,0.13910755899269134,56,se3_log_map,0.9071669578552246,1.8200644254684448,-0.762656033039093,-0.6578897833824158,252.44964599609375,172.45240783691406,-50.56084442138672
-0.8575124144554138,0.09178413450717926,1.9171576499938965,246.44020080566406,10.151435852050781,120.54940795898438,1.4694063663482666,36.486473083496094,9.738706588745117,37.76380920410156,9.740264892578125,6.372550964355469,0.13989568501710892,56,se3_log_map,0.9090151786804199,1.819466233253479,-0.7618014812469482,-0.6579050421714783,252.27984619140625,172.15139770507812,-50.88383865356445
-0.856685996055603,0.0914817601442337,1.9162122011184692,246.23052978515625,10.400947570800781,119.85640716552734,1.468874216079712,35.98475646972656,9.359604835510254,37.18205261230469,9.360947608947754,6.648770809173584,0.13910600898088887,56,se3_log_map,0.9063555002212524,1.8187141418457031,-0.7607616782188416,-0.6573432683944702,251.80111694335938,171.5467529296875,-51.2296142578125
-0.8560421466827393,0.09136954694986343,1.915624737739563,245.966552734375,10.536643981933594,119.40884399414062,1.4607326984405518,35.62218475341797,9.186327934265137,36.78761672973633,9.187554359436035,7.00083589553833,0.14171473099850118,56,se3_log_map,0.9025677442550659,1.818312168121338,-0.7599471807479858,-0.6569798588752747,251.3827362060547,171.12149047851562,-51.35387420654297
-0.8559151291847229,0.0915435180068016,1.915569543838501,245.82504272460938,10.523719787597656,119.35606384277344,1.4593911170959473,35.525142669677734,9.21564769744873,36.70100784301758,9.216859817504883,6.996476650238037,0.13902830303413793,56,se3_log_map,0.9023943543434143,1.8183646202087402,-0.7596986293792725,-0.6570748686790466,251.2340087890625,171.0563201904297,-51.2803840637207
-0.8563418388366699,0.09209012240171432,1.9160969257354736,245.85557556152344,10.351814270019531,119.69621276855469,1.4673490524291992,35.702510833740234,9.434892654418945,36.92812728881836,9.436222076416016,6.583066463470459,0.21575775399105623,56,se3_log_map,0.9064188003540039,1.8189407587051392,-0.7600228190422058,-0.6577197313308716,251.3985595703125,171.36700439453125,-51.034332275390625
-0.8570513129234314,0.09283952414989471,1.9168658256530762,245.9744873046875,10.085655212402344,120.26346588134766,1.4728679656982422,36.005062103271484,9.79210090637207,37.3128662109375,9.793610572814941,6.174736499786377,0.13994006998836994,56,se3_log_map,0.9094188809394836,1.819738507270813,-0.7606077194213867,-0.658672034740448,251.7352294921875,171.8898162841797,-50.66604232788086
-0.8576478958129883,0.09358350932598114,1.917619228363037,246.02101135253906,9.818557739257812,120.82554626464844,1.465198278427124,36.28144073486328,10.186653137207031,37.68436050415039,10.188335418701172,5.940592288970947,0.13902069895993918,56,se3_log_map,0.9065172672271729,1.820550560951233,-0.7610818147659302,-0.6595502495765686,252.00660705566406,172.3876953125,-50.247642517089844
-0.8578166365623474,0.0940718725323677,1.9180386066436768,245.9315185546875,9.660850524902344,121.08433532714844,1.4580669403076172,36.37720489501953,10.425019264221191,37.8415412902832,10.426785469055176,5.82086706161499,0.13991874997736886,56,se3_log_map,0.9034579992294312,1.8210761547088623,-0.761146605014801,-0.6600025296211243,252.03875732421875,172.5887451171875,-49.960853576660156
-0.8574442267417908,0.09434652328491211,1.918165922164917,245.5971221923828,9.597305297851562,121.05728149414062,1.4600802659988403,36.26091384887695,10.532865524291992,37.75970458984375,10.53463363647461,5.717335224151611,0.13887145300395787,56,se3_log_map,0.90313720703125,1.8214000463485718,-0.7606867551803589,-0.6599831581115723,251.74301147460938,172.47779846191406,-49.715145111083984
-0.8567764163017273,0.09435892105102539,1.917839527130127,245.24600219726562,9.668800354003906,120.75975036621094,1.4658100605010986,35.95000457763672,10.451828956604004,37.438533782958984,10.453527450561523,5.732174396514893,0.14153823896776885,56,se3_log_map,0.9049152135848999,1.8212902545928955,-0.7598927617073059,-0.6596499681472778,251.31065368652344,172.14833068847656,-49.666221618652344
-0.8561151027679443,0.09430762380361557,1.9173121452331543,245.0150909423828,9.80279541015625,120.38395690917969,1.4670177698135376,35.580543518066406,10.283612251281738,37.03684616088867,10.285207748413086,5.834312438964844,0.2269348290283233,56,se3_log_map,0.9063115119934082,1.8209702968597412,-0.7590514421463013,-0.6593155860900879,250.93919372558594,171.8036651611328,-49.7612419128418
-0.8556912541389465,0.09412308782339096,1.9165505170822144,245.0797576904297,10.031478881835938,119.91914367675781,1.4667593240737915,35.2194709777832,9.949678421020508,36.59791564941406,9.951120376586914,6.019903182983398,0.13908004097174853,56,se3_log_map,0.9073444604873657,1.8203212022781372,-0.7584096789360046,-0.6590744256973267,250.7726287841797,171.49029541015625,-50.15127944946289
-0.85573810338974,0.09413368254899979,1.9159307479858398,245.46360778808594,10.222412109375,119.65794372558594,1.4686930179595947,34.99742889404297,9.629347801208496,36.297996520996094,9.63066291809082,6.166021347045898,0.13906441495055333,56,se3_log_map,0.9084181189537048,1.8197492361068726,-0.7581666707992554,-0.6592826843261719,250.952880859375,171.45960998535156,-50.6113395690918
-0.8561438918113708,0.09415679425001144,1.9155375957489014,246.03761291503906,10.392066955566406,119.50633239746094,1.4704155921936035,34.95734405517578,9.331303596496582,36.181339263916016,9.332554817199707,6.329426288604736,0.14026744000148028,56,se3_log_map,0.9083079099655151,1.8192907571792603,-0.7583619952201843,-0.6596747636795044,251.3444061279297,171.57200622558594,-51.150691986083984
-0.8567213416099548,0.09435843676328659,1.9154683351516724,246.5968017578125,10.456039428710938,119.55329895019531,1.4682530164718628,35.04662322998047,9.203904151916504,36.23503494262695,9.2051362991333,6.438908100128174,0.1397535710129887,56,se3_log_map,0.907274603843689,1.8191497325897217,-0.7587630748748779,-0.6602574586868286,251.81517028808594,171.83070373535156,-51.51955032348633
-0.8570826649665833,0.0946769118309021,1.9155936241149902,246.84405517578125,10.405853271484375,119.72322845458984,1.4650921821594238,35.12289810180664,9.262864112854004,36.32380294799805,9.264138221740723,6.453073978424072,0.13979557901620865,56,se3_log_map,0.907189667224884,1.8192895650863647,-0.7589770555496216,-0.66075599193573,252.0848846435547,172.0731658935547,-51.54604721069336
-0.8569092154502869,0.0949326604604721,1.91569185256958,246.7078094482422,10.332679748535156,119.79505920410156,1.466597318649292,35.05331039428711,9.359508514404297,36.281333923339844,9.360808372497559,6.285597324371338,0.22008397901663557,56,se3_log_map,0.9078960418701172,1.8195252418518066,-0.7587053775787354,-0.6608555316925049,251.99952697753906,172.09620666503906,-51.35045623779297
-0.8564058542251587,0.09504654258489609,1.9159724712371826,246.21243286132812,10.226249694824219,119.8256607055664,1.472213864326477,34.99159622192383,9.52523136138916,36.26488494873047,9.526562690734863,6.050865650177002,0.13990929099963978,56,se3_log_map,0.9097907543182373,1.8199610710144043,-0.7582851648330688,-0.660558819770813,251.6078643798828,171.94517517089844,-50.953330993652344
-0.8557232022285461,0.09512645751237869,1.9160810708999634,245.64268493652344,10.157890319824219,119.759765625,1.4715871810913086,34.825252532958984,9.673506736755371,36.1438102722168,9.674847602844238,5.951968669891357,0.13984317000722513,56,se3_log_map,0.9094780087471008,1.820275902748108,-0.7576353549957275,-0.6601604223251343,251.10646057128906,171.70208740234375,-50.57162857055664
-0.8552833795547485,0.0952274277806282,1.9162251949310303,245.2371826171875,10.10028076171875,119.76197814941406,1.4685423374176025,34.73641586303711,9.816046714782715,36.09672164916992,9.817422866821289,5.912699222564697,0.13934304396389052,56,se3_log_map,0.907899796962738,1.820565104484558,-0.7572210431098938,-0.6599300503730774,250.7643585205078,171.57786560058594,-50.27363967895508
-0.8552819490432739,0.09532758593559265,1.9163942337036133,245.17166137695312,10.06494140625,119.8339614868164,1.4679129123687744,34.77778244018555,9.878864288330078,36.153648376464844,9.880269050598145,5.870716571807861,0.1405657620052807,56,se3_log_map,0.9077273607254028,1.8207582235336304,-0.757237434387207,-0.6599770188331604,250.73614501953125,171.62255859375,-50.180931091308594
-0.8556065559387207,0.09536799788475037,1.916496992111206,245.38169860839844,10.063003540039062,119.96611022949219,1.4705560207366943,34.89670944213867,9.859199523925781,36.26271057128906,9.860604286193848,5.815240383148193,0.13898921001236886,56,se3_log_map,0.9088504314422607,1.8207794427871704,-0.7575703263282776,-0.6601979732513428,250.95928955078125,171.80874633789062,-50.25282669067383
-0.8560967445373535,0.09538915753364563,1.9165105819702148,245.782470703125,10.1051025390625,120.0699234008789,1.4723122119903564,35.03242111206055,9.76153564453125,36.36699295043945,9.762947082519531,5.821846008300781,0.14017985295504332,56,se3_log_map,0.9095624089241028,1.8206671476364136,-0.7580324411392212,-0.660532534122467,251.326416015625,172.04161071777344,-50.488616943359375
-0.856410801410675,0.09518484026193619,1.9162825345993042,246.13551330566406,10.229225158691406,119.99385833740234,1.4718923568725586,35.078712463378906,9.568196296691895,36.360233306884766,9.569581985473633,5.963515758514404,0.13894784403964877,56,se3_log_map,0.9096574783325195,1.8202950954437256,-0.7583491802215576,-0.6606073975563049,251.57752990722656,172.10867309570312,-50.8414421081543
-0.8564753532409668,0.09499454498291016,1.916003704071045,246.33670043945312,10.348724365234375,119.85282897949219,1.4706521034240723,35.034236907958984,9.395407676696777,36.272186279296875,9.396742820739746,6.107067108154297,0.13888893299736083,56,se3_log_map,0.9090728759765625,1.8199505805969238,-0.7583962678909302,-0.6605470180511475,251.6758575439453,172.07212829589844,-51.11667251586914
-0.856227457523346,0.0945887342095375,1.915554404258728,246.34193420410156,10.523612976074219,119.53207397460938,1.4704303741455078,34.88837814331055,9.163515090942383,36.071720123291016,9.164749145507812,6.3130645751953125,0.14026034501148388,56,se3_log_map,0.9084523916244507,1.8194514513015747,-0.7581948041915894,-0.6601282358169556,251.5377960205078,171.81674194335938,-51.401390075683594
-0.8560321927070618,0.09439271688461304,1.9154657125473022,246.19772338867188,10.560775756835938,119.45555877685547,1.4703269004821777,34.84568786621094,9.134002685546875,36.0229377746582,9.135242462158203,6.35858678817749,0.13989905000198632,56,se3_log_map,0.9077151417732239,1.8193473815917969,-0.7580837607383728,-0.6598420739173889,251.38330078125,171.70150756835938,-51.37892150878906
-0.8559165000915527,0.09441328048706055,1.915663719177246,245.97276306152344,10.495521545410156,119.57340240478516,1.4712622165679932,34.88285827636719,9.2531156539917,36.08925247192383,9.254363059997559,6.240106105804443,0.14114354696357623,56,se3_log_map,0.9089246392250061,1.8195669651031494,-0.7580509185791016,-0.659732460975647,251.24334716796875,171.71969604492188,-51.141178131103516
-0.8559024930000305,0.09436217695474625,1.9159009456634521,245.8092803955078,10.431587219238281,119.69468688964844,1.4714257717132568,34.97930145263672,9.365944862365723,36.21149826049805,9.367244720458984,6.156544208526611,0.13914944202406332,56,se3_log_map,0.9089635014533997,1.8197665214538574,-0.7581753730773926,-0.6596112251281738,251.16416931152344,171.74713134765625,-50.952606201171875
-0.8559175133705139,0.09430385380983353,1.9160397052764893,245.6973419189453,10.408767700195312,119.75602722167969,1.4712876081466675,35.048606872558594,9.420821189880371,36.29265594482422,9.422167778015137,6.1230340003967285,0.12886414799140766,56,se3_log_map,0.9090338349342346,1.8198659420013428,-0.7582871913909912,-0.6595288515090942,251.09548950195312,171.75686645507812,-50.85716247558594
-0.8562315702438354,0.09445137530565262,1.916570782661438,245.64505004882812,10.281509399414062,120.09161376953125,1.4727592468261719,35.30094909667969,9.623300552368164,36.58913803100586,9.624737739562988,5.952028274536133,0.13993111404124647,56,se3_log_map,0.9097368717193604,1.8203208446502686,-0.7587412595748901,-0.6597268581390381,251.19187927246094,172.0096435546875,-50.60445785522461
-0.856475830078125,0.09441112726926804,1.916867733001709,245.65869140625,10.235832214355469,120.2445297241211,1.4723069667816162,35.4890022277832,9.699652671813965,36.7906608581543,9.701154708862305,5.918341159820557,0.14091783901676536,56,se3_log_map,0.909731388092041,1.8205090761184692,-0.7591331601142883,-0.6597673892974854,251.27163696289062,172.12733459472656,-50.541053771972656
-0.856514036655426,0.09430157393217087,1.916975975036621,245.6003875732422,10.251785278320312,120.25411987304688,1.4723187685012817,35.56477355957031,9.69819450378418,36.863372802734375,9.699711799621582,5.930593967437744,0.14011002099141479,56,se3_log_map,0.9096753001213074,1.8205541372299194,-0.7592834830284119,-0.6596603989601135,251.2229766845703,172.1178741455078,-50.539833068847656
-0.8564968109130859,0.0941760465502739,1.9169002771377563,245.58494567871094,10.314399719238281,120.17996215820312,1.4728193283081055,35.55979537963867,9.624191284179688,36.83916473388672,9.625692367553711,5.978524684906006,0.13898301200242713,56,se3_log_map,0.9098841547966003,1.8204412460327148,-0.7593066096305847,-0.6595523953437805,251.1680145263672,172.0663604736328,-50.626197814941406
-0.8566492795944214,0.09424638748168945,1.9170960187911987,245.60809326171875,10.295433044433594,120.29950714111328,1.472109079360962,35.659629821777344,9.666232109069824,36.9465217590332,9.667753219604492,5.941289901733398,0.1388602599618025,56,se3_log_map,0.9096412062644958,1.820604920387268,-0.7594997882843018,-0.6596640944480896,251.22691345214844,172.18679809570312,-50.585662841796875
-0.8566827774047852,0.0941867008805275,1.917076826095581,245.65145874023438,10.341285705566406,120.27050018310547,1.4724342823028564,35.67502975463867,9.607059478759766,36.945953369140625,9.608579635620117,5.973705291748047,0.19997304800199345,56,se3_log_map,0.9098228216171265,1.8205552101135254,-0.7595581412315369,-0.6596353054046631,251.24110412597656,172.19078063964844,-50.669151306152344
-0.8565915822982788,0.09399441629648209,1.9168665409088135,245.69390869140625,10.454185485839844,120.07976531982422,1.4726752042770386,35.61422348022461,9.44630241394043,36.845703125,9.447744369506836,6.084843158721924,0.14098843600368127,56,se3_log_map,0.9096403121948242,1.8203140497207642,-0.7594888210296631,-0.659453272819519,251.18746948242188,172.06179809570312,-50.87876892089844
-0.8565225005149841,0.0939202681183815,1.9166991710662842,245.70819091796875,10.525588989257812,119.97346496582031,1.4727802276611328,35.549278259277344,9.351581573486328,36.75871658325195,9.35301399230957,6.145932674407959,0.1389373170095496,56,se3_log_map,0.9102675318717957,1.820151925086975,-0.7593904733657837,-0.6593844294548035,251.1422882080078,171.9988250732422,-50.98952865600586
-0.8565908670425415,0.09413188695907593,1.9168580770492554,245.69668579101562,10.494544982910156,120.07968139648438,1.4729225635528564,35.579837799072266,9.407241821289062,36.802459716796875,9.408698081970215,6.07310676574707,0.13901001896010712,56,se3_log_map,0.909684419631958,1.8203600645065308,-0.7594032287597656,-0.6595836877822876,251.16195678710938,172.11048889160156,-50.91139221191406
-0.8567221760749817,0.09435330331325531,1.9171433448791504,245.65782165527344,10.431175231933594,120.28065490722656,1.4720247983932495,35.673675537109375,9.522966384887695,36.92286682128906,9.524471282958984,5.97102689743042,0.13915597996674478,56,se3_log_map,0.9096880555152893,1.8206698894500732,-0.7595279216766357,-0.6597985625267029,251.19790649414062,172.28778076171875,-50.75324630737305
-0.8567143678665161,0.09445694833993912,1.9172159433364868,245.59593200683594,10.425651550292969,120.34927368164062,1.470840334892273,35.67579650878906,9.557710647583008,36.93389129638672,9.559247970581055,5.926593780517578,0.14070729003287852,56,se3_log_map,0.9092605710029602,1.8207786083221436,-0.7594925165176392,-0.6598707437515259,251.15684509277344,172.35159301757812,-50.67868423461914
-0.8564450740814209,0.09422221779823303,1.9168572425842285,245.49917602539062,10.543960571289062,120.14588928222656,1.4729561805725098,35.51897048950195,9.416154861450195,36.74590301513672,9.417621612548828,6.003759860992432,0.20583034597802907,56,se3_log_map,0.9098523855209351,1.8204340934753418,-0.759210467338562,-0.6595736145973206,250.9732208251953,172.1739959716797,-50.79197692871094
-0.8562188148498535,0.0940178707242012,1.9165680408477783,245.40194702148438,10.646736145019531,119.98915100097656,1.472728967666626,35.394386291503906,9.30449104309082,36.59694290161133,9.305898666381836,6.08264684677124,0.14000402699457482,56,se3_log_map,0.9099915623664856,1.820152997970581,-0.7589833736419678,-0.659313976764679,250.8074188232422,172.03598022460938,-50.874778747558594
-0.8561145663261414,0.09384310245513916,1.9162997007369995,245.36619567871094,10.734481811523438,119.90971374511719,1.4718594551086426,35.30521774291992,9.21224308013916,36.48731231689453,9.213630676269531,6.144101619720459,0.14068827201845124,56,se3_log_map,0.9093886017799377,1.8198691606521606,-0.7588649392127991,-0.6591556668281555,250.72242736816406,171.9838409423828,-50.94354248046875
-0.8562123775482178,0.09375821053981781,1.9162770509719849,245.3763885498047,10.772781372070312,119.97650146484375,0.8221977949142456,35.34312438964844,9.188213348388672,36.51793670654297,9.189618110656738,0.0,0.0,56,se3_log_map,0.9097326993942261,0.0,0.0,0.0,0.0,0.0,0.0
