id_number,file,ncc,ssim,mtre,mpd,geo_r,geo_t,alpha2,beta2,gamma2,bx2,by2,bz2
77,/home/zsr/project/diffpose/ours/deepfluoro/runs/bipose/2/specimen02_xray077_se3_log_map.csv,0.8023205995559692,0.7223643064498901,0.3433131277561188,1.5433911085128784,0.4440115537680196,2.1838502883911133,1.4137063026428225,-0.0981841459870338,-1.6442899703979492,93.06877136230467,339.87420654296875,250.6864318847656
75,/home/zsr/project/diffpose/ours/deepfluoro/runs/bipose/2/specimen02_xray075_se3_log_map.csv,0.7841733694076538,0.709572434425354,0.2307953834533691,1.5934808254241943,0.3351866854233178,1.401970386505127,1.5845874547958374,-0.0830432176589965,-1.6559542417526243,71.99029541015625,315.1427001953125,246.4922790527344
71,/home/zsr/project/diffpose/ours/deepfluoro/runs/bipose/2/specimen02_xray071_se3_log_map.csv,0.7186983823776245,0.8065060377120972,0.4091539084911346,2.1126041412353516,0.4259244628642699,1.9975162744522093,1.5336990356445312,-9.74536087596789e-05,-1.5845248699188232,199.41932678222656,295.21453857421875,247.8330078125
67,/home/zsr/project/diffpose/ours/deepfluoro/runs/bipose/2/specimen02_xray067_se3_log_map.csv,0.7309367656707764,0.7742902636528015,0.4182162582874298,2.0283849239349365,0.21805893198332624,2.630702257156372,1.613062620162964,0.0145800216123461,-1.5829261541366575,165.98068237304688,305.60601806640625,245.80567932128903
28,/home/zsr/project/diffpose/ours/deepfluoro/runs/bipose/2/specimen02_xray028_se3_log_map.csv,0.8408019542694092,0.8077071905136108,1.1171013116836548,1.404503583908081,0.7949111295545351,3.782870531082153,1.6666654348373413,0.0043167304247617,-1.5534175634384155,196.2824249267578,261.0497436523437,237.75552368164065
60,/home/zsr/project/diffpose/ours/deepfluoro/runs/bipose/2/specimen02_xray060_se3_log_map.csv,0.7968965172767639,0.7896322011947632,0.1531573981046676,1.4435025453567505,0.1400017489422252,0.879934549331665,2.222475528717041,0.0108733233064413,-1.568559646606445,68.94396209716797,367.89398193359375,246.08380126953125
34,/home/zsr/project/diffpose/ours/deepfluoro/runs/bipose/2/specimen02_xray034_se3_log_map.csv,0.775285005569458,0.7212637066841125,1.0043492317199707,1.3662970066070557,0.10749253280686853,5.110450744628906,1.680115818977356,0.003435707418248,-1.653661608695984,41.792667388916016,256.4360046386719,292.0221862792969
64,/home/zsr/project/diffpose/ours/deepfluoro/runs/bipose/2/specimen02_xray064_se3_log_map.csv,0.762366771697998,0.844602108001709,0.3040966391563415,0.7414506077766418,0.3397701441322299,1.5250661373138428,1.8880001306533811,0.0141219142824411,-1.5767942667007446,126.6479263305664,339.52789306640625,246.3961334228516
37,/home/zsr/project/diffpose/ours/deepfluoro/runs/bipose/2/specimen02_xray037_se3_log_map.csv,0.7411515712738037,0.7719420194625854,0.458635538816452,1.9700431823730469,0.44989722152351413,2.68472671508789,1.7186484336853027,0.0072244736365973,-1.5830681324005127,176.96238708496094,322.1043701171875,246.9711761474609
100,/home/zsr/project/diffpose/ours/deepfluoro/runs/bipose/2/specimen02_xray100_se3_log_map.csv,0.7557755708694458,0.8645999431610107,0.1957602202892303,1.8343946933746338,0.17891222506398177,1.1735124588012695,2.1104812622070312,-0.0271390620619058,-1.6777276992797852,34.23683166503906,223.6087646484375,235.0926055908203
86,/home/zsr/project/diffpose/ours/deepfluoro/runs/bipose/2/specimen02_xray086_se3_log_map.csv,0.7906277775764465,0.688144326210022,0.425449788570404,1.5447336435317993,0.44665028351736785,1.7885864973068235,1.7727887630462646,-0.0633512660861015,-1.6654820442199707,50.5195426940918,284.5751647949219,260.8570861816406
97,/home/zsr/project/diffpose/ours/deepfluoro/runs/bipose/2/specimen02_xray097_se3_log_map.csv,0.7637360095977783,0.8470977544784546,0.4733723402023315,1.9010628461837769,0.3180964539326676,2.0570693016052246,2.193886041641236,-0.0170442685484886,-1.678821325302124,33.18144226074219,207.08531188964844,233.47715759277344
38,/home/zsr/project/diffpose/ours/deepfluoro/runs/bipose/2/specimen02_xray038_se3_log_map.csv,0.7788785696029663,0.7959333658218384,0.3879226744174957,1.879681944847107,0.338910986689809,2.2912187576293945,1.8892289400100708,0.0080001018941402,-1.5794094800949097,151.22930908203125,342.92724609375,246.15301513671875
3,/home/zsr/project/diffpose/ours/deepfluoro/runs/bipose/2/specimen02_xray003_se3_log_map.csv,0.802577018737793,0.6810479164123535,0.5493696928024292,1.858741283416748,0.5604648059386808,1.360464572906494,1.7166789770126345,0.0041482867673039,-1.6758147478103638,66.11357116699219,251.90480041503903,249.28306579589844
48,/home/zsr/project/diffpose/ours/deepfluoro/runs/bipose/2/specimen02_xray048_se3_log_map.csv,0.7341322898864746,0.7782077193260193,0.8469752669334412,1.3694053888320923,0.4214076721586683,4.396410942077637,1.8805158138275144,-0.2373085469007492,-1.612798094749451,152.9138946533203,337.0932312011719,292.01617431640625
53,/home/zsr/project/diffpose/ours/deepfluoro/runs/bipose/2/specimen02_xray053_se3_log_map.csv,0.6657658219337463,0.7834774851799011,0.4579207897186279,2.0803334712982178,0.43311962520146147,2.087571859359741,1.5299723148345947,-0.2382989972829818,-1.532820701599121,198.4363555908203,292.3472900390625,280.0438232421875
83,/home/zsr/project/diffpose/ours/deepfluoro/runs/bipose/2/specimen02_xray083_se3_log_map.csv,0.7900781631469727,0.7667520642280579,0.1820327639579773,1.8735888004302979,0.09910090882247972,1.5501819849014282,2.022529363632202,-0.0370467379689216,-1.6765179634094238,35.67488098144531,238.4316253662109,255.42123413085935
76,/home/zsr/project/diffpose/ours/deepfluoro/runs/bipose/2/specimen02_xray076_se3_log_map.csv,0.8020707368850708,0.7339239120483398,0.2606357038021087,1.4964039325714111,0.2946908956101457,1.7307846546173096,1.4997049570083618,-0.0878332257270813,-1.6504613161087036,81.88995361328125,328.0750732421875,248.0715789794922
102,/home/zsr/project/diffpose/ours/deepfluoro/runs/bipose/2/specimen02_xray102_se3_log_map.csv,0.7861251831054688,0.8426541090011597,0.1886746883392334,2.011033535003662,0.1322878404338351,1.675696611404419,1.9341909885406492,-0.0477018356323242,-1.673848032951355,41.31362915039063,256.3780517578125,238.4672698974609
88,/home/zsr/project/diffpose/ours/deepfluoro/runs/bipose/2/specimen02_xray088_se3_log_map.csv,0.8036186695098877,0.7311102747917175,0.1666266173124313,1.870294451713562,0.2323166170625333,1.229185938835144,1.58566415309906,-0.0807153284549713,-1.6544545888900757,69.96263885498047,315.0531311035156,264.5752868652344
21,/home/zsr/project/diffpose/ours/deepfluoro/runs/bipose/2/specimen02_xray021_se3_log_map.csv,0.8457748889923096,0.7769629955291748,1.416900396347046,1.8063862323760986,0.9612785738429267,4.368612289428711,1.676839828491211,0.0027394029311835,-1.5671225786209106,221.95703125,267.93341064453125,268.6706848144531
33,/home/zsr/project/diffpose/ours/deepfluoro/runs/bipose/2/specimen02_xray033_se3_log_map.csv,0.7904202938079834,0.6888494491577148,0.7845305800437927,2.022160291671753,0.7434837157224521,1.9913395643234253,1.679990530014038,0.0010222200071439,-1.6456722021102903,49.19263458251953,255.7464141845703,221.2862548828125
43,/home/zsr/project/diffpose/ours/deepfluoro/runs/bipose/2/specimen02_xray043_se3_log_map.csv,0.7923629283905029,0.7746412754058838,0.72901451587677,1.3029190301895142,0.19929297384618844,3.739047527313232,1.9711570739746092,0.0072441445663571,-1.5796245336532593,137.55862426757812,351.2710876464844,246.5225067138672
15,/home/zsr/project/diffpose/ours/deepfluoro/runs/bipose/2/specimen02_xray015_se3_log_map.csv,0.8629209399223328,0.8020638227462769,1.5371748208999634,1.8847074508666992,0.9919235701994953,5.047414779663086,1.6843279600143433,0.00056198250968,-1.5821317434310913,215.19601440429688,266.93096923828125,270.56695556640625
27,/home/zsr/project/diffpose/ours/deepfluoro/runs/bipose/2/specimen02_xray027_se3_log_map.csv,0.8459322452545166,0.8078221082687378,1.103123903274536,1.3369656801223755,0.675610974182646,4.4015212059021,1.6660503149032593,0.0031622403766959,-1.562926173210144,194.0137481689453,261.6258239746094,248.13836669921875
11,/home/zsr/project/diffpose/ours/deepfluoro/runs/bipose/2/specimen02_xray011_se3_log_map.csv,0.8488208055496216,0.7889734506607056,1.45986807346344,1.7868112325668335,0.8768099725831016,4.8883867263793945,1.697784423828125,0.0032068542204797,-1.6377513408660889,216.6623687744141,269.33575439453125,278.6956787109375
55,/home/zsr/project/diffpose/ours/deepfluoro/runs/bipose/2/specimen02_xray055_se3_log_map.csv,0.6811493039131165,0.7443882822990417,0.4762547016143799,1.7608104944229126,0.44253982210474313,2.083294153213501,1.3723169565200806,-0.2220929563045501,-1.4994027614593506,213.8780670166016,269.2650451660156,273.1351623535156
2,/home/zsr/project/diffpose/ours/deepfluoro/runs/bipose/2/specimen02_xray002_se3_log_map.csv,0.7874430418014526,0.6921448707580566,0.6889971494674683,1.7875877618789673,0.6741447066707055,1.4251948595046997,1.6691155433654783,-0.0025434521958231,-1.6750491857528689,47.34567260742188,257.8458557128906,251.9512939453125
20,/home/zsr/project/diffpose/ours/deepfluoro/runs/bipose/2/specimen02_xray020_se3_log_map.csv,0.8474339246749878,0.7796787023544312,1.1829768419265747,1.206376552581787,0.801491360585981,3.9773337841033936,1.6782547235488892,0.0011432174360379,-1.5672309398651123,221.61643981933597,267.7260131835937,268.96405029296875
59,/home/zsr/project/diffpose/ours/deepfluoro/runs/bipose/2/specimen02_xray059_se3_log_map.csv,0.7224690914154053,0.7995275259017944,0.3135673701763153,1.6364705562591553,0.2382181415709244,2.071516752243042,1.699466347694397,0.01353445276618,-1.5807796716690063,154.81781005859375,318.0263977050781,246.29640197753903
72,/home/zsr/project/diffpose/ours/deepfluoro/runs/bipose/2/specimen02_xray072_se3_log_map.csv,0.719397783279419,0.7638099193572998,0.4307202100753784,1.8260345458984375,0.4941165090515103,1.6956708431243896,1.6182153224945068,-0.0006988347158767,-1.5830092430114746,189.72994995117188,307.6577453613281,248.02301025390625
0,/home/zsr/project/diffpose/ours/deepfluoro/runs/bipose/2/specimen02_xray000_se3_log_map.csv,0.7700221538543701,0.7092751264572144,0.9216716289520264,2.0180726051330566,0.8100638104805139,2.253720760345459,1.687905192375183,0.0013768378412351,-1.6561681032180786,38.99301528930664,255.6845703125,292.2008056640625
4,/home/zsr/project/diffpose/ours/deepfluoro/runs/bipose/2/specimen02_xray004_se3_log_map.csv,0.7979289889335632,0.7017555236816406,0.3462683856487274,2.0452818870544434,0.38490146280233956,0.5867587924003601,1.6617941856384275,0.0128574315458536,-1.604284167289734,60.96885681152344,252.508056640625,248.3084259033203
95,/home/zsr/project/diffpose/ours/deepfluoro/runs/bipose/2/specimen02_xray095_se3_log_map.csv,0.8180646896362305,0.7464449405670166,0.1898869574069976,1.5440165996551514,0.28246507127626747,0.9593671560287476,1.5024083852767944,-0.0886937230825424,-1.6487947702407837,79.67516326904297,327.8217468261719,267.3167419433594
94,/home/zsr/project/diffpose/ours/deepfluoro/runs/bipose/2/specimen02_xray094_se3_log_map.csv,0.7718037366867065,0.6928614974021912,0.2991349697113037,1.8098384141921997,0.2523980964188711,1.6801323890686035,1.6725856065750122,-0.0732311233878135,-1.6602740287780762,60.283721923828125,300.9989624023437,262.8424072265625
24,/home/zsr/project/diffpose/ours/deepfluoro/runs/bipose/2/specimen02_xray024_se3_log_map.csv,0.8533339500427246,0.8074291944503784,0.7678789496421814,1.8027831315994263,0.6498250011866802,2.7592902183532715,1.6707936525344849,0.0011126997414976,-1.5592962503433228,194.45794677734372,262.7388610839844,251.11827087402344
85,/home/zsr/project/diffpose/ours/deepfluoro/runs/bipose/2/specimen02_xray085_se3_log_map.csv,0.8090387582778931,0.6792924404144287,0.3032272160053253,2.306217908859253,0.2244269450195015,2.000591278076172,1.8595380783081052,-0.0573528744280338,-1.6700459718704224,44.43245697021485,268.2672119140625,258.9172058105469
73,/home/zsr/project/diffpose/ours/deepfluoro/runs/bipose/2/specimen02_xray073_se3_log_map.csv,0.7796646356582642,0.7238916754722595,0.5028847455978394,1.5942614078521729,0.44978359931779177,2.4145925045013428,1.772729754447937,-0.0662113055586814,-1.6655213832855225,52.574825286865234,284.7288513183594,242.6727600097656
16,/home/zsr/project/diffpose/ours/deepfluoro/runs/bipose/2/specimen02_xray016_se3_log_map.csv,0.8598952293395996,0.7982206344604492,1.7376861572265625,2.9217917919158936,1.6793426289893705,3.051541566848755,1.6817302703857422,0.0003310441970825,-1.5782519578933716,217.0298767089844,267.6664733886719,270.3285522460937
22,/home/zsr/project/diffpose/ours/deepfluoro/runs/bipose/2/specimen02_xray022_se3_log_map.csv,0.8436520099639893,0.7776393890380859,1.1575908660888672,1.5623809099197388,0.7996436738827425,3.827164649963379,1.6734763383865356,-0.000834405538626,-1.5661894083023071,222.9411163330078,267.5554504394531,269.1859130859375
45,/home/zsr/project/diffpose/ours/deepfluoro/runs/bipose/2/specimen02_xray045_se3_log_map.csv,0.7858970165252686,0.7698299288749695,0.7253559827804565,1.2483577728271484,0.24532360075701642,3.9140737056732178,2.1416401863098145,0.0071703204885125,-1.5769951343536377,108.558349609375,365.3487243652344,246.30259704589844
26,/home/zsr/project/diffpose/ours/deepfluoro/runs/bipose/2/specimen02_xray026_se3_log_map.csv,0.8662480115890503,0.813336968421936,0.8136144280433655,1.3404273986816406,0.5320719506244379,2.9153499603271484,1.6656196117401123,0.0024427794851362,-1.5796794891357422,194.18899536132807,262.1626892089844,270.58319091796875
12,/home/zsr/project/diffpose/ours/deepfluoro/runs/bipose/2/specimen02_xray012_se3_log_map.csv,0.8740631341934204,0.824512779712677,0.645264744758606,1.647074580192566,0.6409058455328662,1.9887115955352783,1.6834096908569336,0.0010331572266295,-1.603036642074585,207.6644287109375,266.0093688964844,273.115478515625
40,/home/zsr/project/diffpose/ours/deepfluoro/runs/bipose/2/specimen02_xray040_se3_log_map.csv,0.7418185472488403,0.7708842754364014,0.3490170836448669,1.914697289466858,0.39933167042446444,1.7292611598968506,1.71406090259552,0.0002173781685996,-1.5836825370788574,176.8890380859375,321.1278991699219,247.81207275390625
80,/home/zsr/project/diffpose/ours/deepfluoro/runs/bipose/2/specimen02_xray080_se3_log_map.csv,0.7834984064102173,0.8125746250152588,0.2334203124046325,1.3477436304092407,0.08190606829730604,1.4120235443115234,2.192338228225708,-0.0195482913404703,-1.6800564527511597,31.97277069091797,205.630126953125,252.8096466064453
74,/home/zsr/project/diffpose/ours/deepfluoro/runs/bipose/2/specimen02_xray074_se3_log_map.csv,0.7537434101104736,0.6786759495735168,0.2444432377815246,1.8748775720596313,0.17030690990626607,1.925679326057434,1.680185317993164,-0.0723491981625557,-1.661224603652954,61.57862091064453,300.5101928710937,243.8626708984375
5,/home/zsr/project/diffpose/ours/deepfluoro/runs/bipose/2/specimen02_xray005_se3_log_map.csv,0.8045961260795593,0.674676239490509,0.6191109418869019,1.7211352586746216,0.6183973990765061,1.4142177104949951,1.716203689575195,0.0030900889541953,-1.67771577835083,66.35316467285156,251.5873107910156,246.67404174804688
103,/home/zsr/project/diffpose/ours/deepfluoro/runs/bipose/2/specimen02_xray103_se3_log_map.csv,0.8027971982955933,0.8381649851799011,0.2774603962898254,1.903674840927124,0.2525130043072607,1.622020602226257,1.852383136749268,-0.0573504492640495,-1.6699120998382568,46.81201553344727,270.584716796875,240.5791931152344
54,/home/zsr/project/diffpose/ours/deepfluoro/runs/bipose/2/specimen02_xray054_se3_log_map.csv,0.6696231365203857,0.756271243095398,0.3257175981998443,1.5945771932601929,0.4092484086878782,1.7617958784103394,1.467641830444336,-0.2311600595712661,-1.517651081085205,205.17401123046875,284.3599548339844,277.4668884277344
30,/home/zsr/project/diffpose/ours/deepfluoro/runs/bipose/2/specimen02_xray030_se3_log_map.csv,0.8370362520217896,0.7905986309051514,1.2106858491897583,1.7791534662246704,0.8848832561820567,4.438843727111816,1.6657023429870603,0.0056794295087456,-1.5372635126113892,198.04095458984372,259.69757080078125,221.43600463867188
82,/home/zsr/project/diffpose/ours/deepfluoro/runs/bipose/2/specimen02_xray082_se3_log_map.csv,0.7530693411827087,0.691752016544342,0.2386626154184341,1.8263307809829712,0.2699237725579013,2.0298445224761963,1.6738767623901367,-0.0732328370213508,-1.6614488363265991,62.133262634277344,301.2068786621094,244.04074096679688
44,/home/zsr/project/diffpose/ours/deepfluoro/runs/bipose/2/specimen02_xray044_se3_log_map.csv,0.7942089438438416,0.7575210332870483,0.5124825835227966,1.2624695301055908,0.24520845180312673,3.1328821182250977,2.055333375930786,0.0080493362620472,-1.5775500535964966,123.27838897705078,359.6544494628906,246.0213165283203
31,/home/zsr/project/diffpose/ours/deepfluoro/runs/bipose/2/specimen02_xray031_se3_log_map.csv,0.8345717191696167,0.772526741027832,1.7158262729644775,1.8528529405593872,1.0742548311651623,6.5678253173828125,1.66700541973114,0.0068209394812583,-1.5331016778945925,198.5329132080078,258.9545288085937,216.3813934326172
57,/home/zsr/project/diffpose/ours/deepfluoro/runs/bipose/2/specimen02_xray057_se3_log_map.csv,0.7016141414642334,0.7665503025054932,0.244050920009613,2.693019390106201,0.11224992697037971,2.024362802505493,1.5942026376724243,0.0134072145447134,-1.5847688913345337,168.59384155273438,303.048095703125,234.14654541015625
68,/home/zsr/project/diffpose/ours/deepfluoro/runs/bipose/2/specimen02_xray068_se3_log_map.csv,0.7134464979171753,0.8023809790611267,0.6823738813400269,2.042823076248169,0.6251981782555045,3.058877229690552,1.539409041404724,0.0024827148299664,-1.5842857360839844,198.3905792236328,296.1759948730469,247.29714965820312
90,/home/zsr/project/diffpose/ours/deepfluoro/runs/bipose/2/specimen02_xray090_se3_log_map.csv,0.8168646097183228,0.7262891530990601,0.8768070340156555,1.1611618995666504,0.8131561987160288,4.064845561981201,1.414036750793457,-0.0950638949871063,-1.6416993141174316,91.25773620605467,339.65283203125,269.00408935546875
23,/home/zsr/project/diffpose/ours/deepfluoro/runs/bipose/2/specimen02_xray023_se3_log_map.csv,0.842049241065979,0.7752771973609924,1.31057870388031,1.3430774211883545,0.8476041372622382,4.376509666442871,1.6769077777862549,-3.37660349032376e-05,-1.5676549673080444,222.57640075683597,267.3512268066406,269.3774719238281
101,/home/zsr/project/diffpose/ours/deepfluoro/runs/bipose/2/specimen02_xray101_se3_log_map.csv,0.7709305286407471,0.8453787565231323,0.2504905760288238,1.835132360458374,0.0807492686211421,1.7443618774414062,2.022702693939209,-0.0383926182985305,-1.675965666770935,37.486610412597656,239.93994140625,237.05935668945312
1,/home/zsr/project/diffpose/ours/deepfluoro/runs/bipose/2/specimen02_xray001_se3_log_map.csv,0.6191835403442383,0.6954299211502075,25.844406127929688,49.171817779541016,19.80476209013606,72.54955291748047,1.3439654111862185,-0.1052294969558715,-1.6459298133850098,95.69744110107422,228.41470336914065,333.046875
50,/home/zsr/project/diffpose/ours/deepfluoro/runs/bipose/2/specimen02_xray050_se3_log_map.csv,0.7085380554199219,0.7554869055747986,0.4805276095867157,1.5113474130630493,0.2678659035236154,2.7313153743743896,1.7918226718902588,-0.2394684851169586,-1.5930079221725464,165.96389770507812,327.4260559082031,289.4029541015625
42,/home/zsr/project/diffpose/ours/deepfluoro/runs/bipose/2/specimen02_xray042_se3_log_map.csv,0.7790811061859131,0.7960343360900879,0.4152548909187317,1.8743948936462402,0.3335849391003109,2.480551481246948,1.8840214014053345,0.0071791112422943,-1.5808032751083374,151.66726684570312,342.74188232421875,246.07652282714844
61,/home/zsr/project/diffpose/ours/deepfluoro/runs/bipose/2/specimen02_xray061_se3_log_map.csv,0.8084440231323242,0.7778927087783813,0.1043494641780853,1.323130488395691,0.11956886304935412,1.2508389949798584,2.1392502784729004,0.0178191568702459,-1.571012020111084,84.08992767333984,362.7628173828125,244.4356384277344
99,/home/zsr/project/diffpose/ours/deepfluoro/runs/bipose/2/specimen02_xray099_se3_log_map.csv,0.7613188028335571,0.8486088514328003,0.2314127683639526,1.6521979570388794,0.10786742314087164,1.4041504859924316,2.1949446201324463,-0.0177404973655939,-1.678887963294983,32.940521240234375,206.7891082763672,233.7460479736328
14,/home/zsr/project/diffpose/ours/deepfluoro/runs/bipose/2/specimen02_xray014_se3_log_map.csv,0.8673858642578125,0.8162494897842407,0.722731351852417,1.3965837955474854,0.5562811945392979,2.522857666015625,1.6831492185592651,0.0008407236309722,-1.5894626379013062,211.8028564453125,266.33917236328125,271.8085021972656
10,/home/zsr/project/diffpose/ours/deepfluoro/runs/bipose/2/specimen02_xray010_se3_log_map.csv,0.7791162729263306,0.7092958688735962,1.140955090522766,2.9539871215820312,0.9550745121318875,2.134264707565308,1.7297958135604858,0.0028846301138401,-1.6464180946350098,29.526535034179688,246.86697387695312,284.5938720703125
65,/home/zsr/project/diffpose/ours/deepfluoro/runs/bipose/2/specimen02_xray065_se3_log_map.csv,0.7414275407791138,0.7971948981285095,0.2345064580440521,1.873721957206726,0.31428081562668725,1.4063390493392944,1.7924641370773315,0.0131483590230345,-1.579070806503296,141.27658081054688,329.0414123535156,246.0680694580078
39,/home/zsr/project/diffpose/ours/deepfluoro/runs/bipose/2/specimen02_xray039_se3_log_map.csv,0.7252883911132812,0.8266474008560181,0.3682922720909118,1.3730823993682861,0.3671516493183107,1.5682013034820557,1.537109613418579,0.0020592818036675,-1.585365891456604,199.4766845703125,295.3570556640625,248.01568603515625
81,/home/zsr/project/diffpose/ours/deepfluoro/runs/bipose/2/specimen02_xray081_se3_log_map.csv,0.7781609296798706,0.8267760276794434,0.121253915131092,1.9844858646392822,0.07753569809797056,1.3130117654800415,2.1045637130737305,-0.0278732478618621,-1.6789363622665403,32.92253875732422,223.2127990722656,253.71743774414065
69,/home/zsr/project/diffpose/ours/deepfluoro/runs/bipose/2/specimen02_xray069_se3_log_map.csv,0.6926947236061096,0.7791728377342224,0.1964239329099655,2.268937587738037,0.2193113476116065,0.9746621251106262,1.3609611988067627,0.0031991356518119,-1.5865603685379028,217.1092071533203,267.6662902832031,247.498046875
46,/home/zsr/project/diffpose/ours/deepfluoro/runs/bipose/2/specimen02_xray046_se3_log_map.csv,0.6692087650299072,0.6916064023971558,0.5411531329154968,1.764822006225586,0.37430751797898293,2.8599579334259038,1.7148406505584717,-0.2410059422254562,-1.573456883430481,176.64208984375,317.1848449707031,286.5587463378906
6,/home/zsr/project/diffpose/ours/deepfluoro/runs/bipose/2/specimen02_xray006_se3_log_map.csv,0.8032611608505249,0.6756605505943298,0.6242337822914124,1.8012430667877197,0.6312430295962437,1.4816279411315918,1.715781807899475,0.0048938295803964,-1.675014853477478,66.25820922851562,251.6443328857422,247.1272125244141
35,/home/zsr/project/diffpose/ours/deepfluoro/runs/bipose/2/specimen02_xray035_se3_log_map.csv,0.7716795206069946,0.7200444936752319,0.8442851305007935,2.5846941471099854,0.7530460877006923,1.7724361419677734,1.6825474500656128,0.0011812451994046,-1.653130054473877,41.702369689941406,256.3064270019531,292.3334655761719
17,/home/zsr/project/diffpose/ours/deepfluoro/runs/bipose/2/specimen02_xray017_se3_log_map.csv,0.8501671552658081,0.7854115962982178,1.2272663116455078,1.6616398096084595,0.7665503627368635,4.275967597961426,1.6806026697158811,0.0004947484703734,-1.5698727369308472,220.8160858154297,267.7715148925781,269.3818359375
49,/home/zsr/project/diffpose/ours/deepfluoro/runs/bipose/2/specimen02_xray049_se3_log_map.csv,0.7386187314987183,0.7771321535110474,0.4533123672008514,2.06156063079834,0.5098386402588791,2.515657424926758,1.716223955154419,0.0034592812880873,-1.5825563669204712,176.58958435058594,321.8847045898437,247.1214599609375
13,/home/zsr/project/diffpose/ours/deepfluoro/runs/bipose/2/specimen02_xray013_se3_log_map.csv,0.878393828868866,0.826703667640686,1.2531423568725586,1.3269259929656982,0.7981362109553373,4.2676920890808105,1.6836940050125122,0.0010109842987731,-1.5970702171325684,208.6351776123047,266.2266540527344,272.35223388671875
66,/home/zsr/project/diffpose/ours/deepfluoro/runs/bipose/2/specimen02_xray066_se3_log_map.csv,0.7294423580169678,0.7929452657699585,0.1757719963788986,2.136899471282959,0.15834731563221263,1.6727874279022217,1.7049740552902222,0.0135879227891564,-1.5816080570220947,153.8709716796875,318.56085205078125,245.95294189453125
93,/home/zsr/project/diffpose/ours/deepfluoro/runs/bipose/2/specimen02_xray093_se3_log_map.csv,0.7397028207778931,0.7471630573272705,0.5597259402275085,1.9215829372406006,0.41423404500615396,3.1055047512054443,1.7001386880874634,-0.3086175620555877,-1.670732021331787,58.72096633911133,295.2625732421875,279.1188659667969
8,/home/zsr/project/diffpose/ours/deepfluoro/runs/bipose/2/specimen02_xray008_se3_log_map.csv,0.8007932305335999,0.692470133304596,0.6206384897232056,1.698733925819397,0.60113850209094,1.9389108419418333,1.7211495637893677,0.0060494909994304,-1.671679139137268,63.093971252441406,249.10202026367188,255.125732421875
84,/home/zsr/project/diffpose/ours/deepfluoro/runs/bipose/2/specimen02_xray084_se3_log_map.csv,0.805474579334259,0.7651864886283875,0.131550908088684,1.8736239671707153,0.1621982164638492,1.1647013425827026,1.9383561611175537,-0.0474539436399936,-1.6734862327575684,39.62214279174805,254.1778717041016,257.2165832519531
56,/home/zsr/project/diffpose/ours/deepfluoro/runs/bipose/2/specimen02_xray056_se3_log_map.csv,0.730652928352356,0.7849410772323608,0.3564572334289551,1.8101266622543335,0.07661275204571286,2.0930099487304688,1.593133807182312,0.0129683371633291,-1.5838199853897097,168.27093505859375,303.442138671875,268.89117431640625
96,/home/zsr/project/diffpose/ours/deepfluoro/runs/bipose/2/specimen02_xray096_se3_log_map.csv,0.8142398595809937,0.6833797693252563,0.2729865908622741,1.793540596961975,0.18600506848890097,1.7902599573135376,1.8543843030929563,-0.0565744861960411,-1.6699271202087402,44.6981315612793,269.3825988769531,259.2253112792969
32,/home/zsr/project/diffpose/ours/deepfluoro/runs/bipose/2/specimen02_xray032_se3_log_map.csv,0.7904156446456909,0.6877795457839966,0.8312431573867798,2.0996623039245605,0.7939373856443914,2.034364461898804,1.6788580417633057,0.0008277297019958,-1.6442580223083496,49.28248596191406,255.99354553222656,221.507080078125
25,/home/zsr/project/diffpose/ours/deepfluoro/runs/bipose/2/specimen02_xray025_se3_log_map.csv,0.8683727383613586,0.8089677095413208,0.7784039974212646,1.6029222011566162,0.5645244561008917,2.5435328483581543,1.667583703994751,0.0025731350760906,-1.5751961469650269,194.7149353027344,262.5292663574219,266.84619140625
92,/home/zsr/project/diffpose/ours/deepfluoro/runs/bipose/2/specimen02_xray092_se3_log_map.csv,0.7972199320793152,0.6925227642059326,1.533276915550232,0.9875088334083557,0.24967847580170544,7.738637924194336,1.2333530187606812,-0.0994231551885604,-1.6277722120285034,118.32975006103516,359.2425537109375,271.3399658203125
47,/home/zsr/project/diffpose/ours/deepfluoro/runs/bipose/2/specimen02_xray047_se3_log_map.csv,0.7540983557701111,0.7519052028656006,1.1255275011062622,1.259637475013733,0.33409171235167034,5.787986278533936,1.9728705883026123,-0.2310104072093963,-1.6319068670272827,138.62234497070312,346.0387878417969,294.49322509765625
41,/home/zsr/project/diffpose/ours/deepfluoro/runs/bipose/2/specimen02_xray041_se3_log_map.csv,0.7637842893600464,0.8060249090194702,0.2505436241626739,1.4043034315109253,0.34782824060467754,1.0969265699386597,1.7999505996704102,0.0025182096287608,-1.5831726789474487,164.73753356933594,333.12939453125,247.87994384765625
19,/home/zsr/project/diffpose/ours/deepfluoro/runs/bipose/2/specimen02_xray019_se3_log_map.csv,0.7899748086929321,0.6874284148216248,0.7672445774078369,2.1400883197784424,0.6955287700644036,1.8971526622772217,1.6782413721084597,0.0018983196932822,-1.6406192779541016,51.65943908691406,256.376708984375,222.03489685058597
87,/home/zsr/project/diffpose/ours/deepfluoro/runs/bipose/2/specimen02_xray087_se3_log_map.csv,0.770280122756958,0.6947483420372009,0.1555217802524566,2.1643218994140625,0.21383866523539766,1.3897236585617063,1.6764709949493408,-0.0735015049576759,-1.6602529287338257,60.072750091552734,300.3352355957031,262.7210693359375
91,/home/zsr/project/diffpose/ours/deepfluoro/runs/bipose/2/specimen02_xray091_se3_log_map.csv,0.8136472702026367,0.7063874006271362,0.5181483626365662,1.2468905448913574,0.3498706814469559,2.7311441898345947,1.3266990184783936,-0.0988281965255737,-1.6346473693847656,103.998046875,350.195556640625,270.7254638671875
62,/home/zsr/project/diffpose/ours/deepfluoro/runs/bipose/2/specimen02_xray062_se3_log_map.csv,0.8160673379898071,0.8099758625030518,0.2995898425579071,1.5613813400268555,0.18394847174475457,2.234968900680542,2.055120944976806,0.0152355385944247,-1.5721960067749023,99.0631103515625,355.80133056640625,244.46212768554688
58,/home/zsr/project/diffpose/ours/deepfluoro/runs/bipose/2/specimen02_xray058_se3_log_map.csv,0.7806147933006287,0.7992037534713745,0.4093775153160095,1.1602822542190552,0.3272003996848499,2.0510871410369877,1.885970950126648,0.0073206182569265,-1.580686330795288,151.5667266845703,343.0268859863281,246.75003051757807
29,/home/zsr/project/diffpose/ours/deepfluoro/runs/bipose/2/specimen02_xray029_se3_log_map.csv,0.792610228061676,0.6929093599319458,0.8408495187759399,2.351444959640503,0.7780844897957363,2.0545554161071777,1.677260160446167,-0.001429468858987,-1.6385602951049805,52.46404647827149,256.5244445800781,222.69992065429688
52,/home/zsr/project/diffpose/ours/deepfluoro/runs/bipose/2/specimen02_xray052_se3_log_map.csv,0.650537371635437,0.7324472069740295,0.7159774899482727,1.853175163269043,0.4972771991787253,3.5845305919647217,1.614419937133789,-0.241512656211853,-1.5508089065551758,189.12698364257807,303.5932312011719,283.2905578613281
18,/home/zsr/project/diffpose/ours/deepfluoro/runs/bipose/2/specimen02_xray018_se3_log_map.csv,0.852129340171814,0.7870244979858398,1.475532293319702,1.7102291584014893,0.867298117219664,5.0206146240234375,1.6795729398727417,0.0012932126410305,-1.571021318435669,220.86036682128903,267.8599853515625,269.2137145996094
70,/home/zsr/project/diffpose/ours/deepfluoro/runs/bipose/2/specimen02_xray070_se3_log_map.csv,0.6937960982322693,0.7797466516494751,0.427189439535141,2.522041082382202,0.363351492774449,2.3658576011657715,1.4532873630523682,0.0012150708353146,-1.5854886770248413,208.0955352783203,282.9445495605469,247.248046875
51,/home/zsr/project/diffpose/ours/deepfluoro/runs/bipose/2/specimen02_xray051_se3_log_map.csv,0.660977303981781,0.671386182308197,0.6181301474571228,1.9485633373260498,0.41872056859896295,3.2091801166534424,1.7028450965881348,-0.241876482963562,-1.5716924667358398,178.19773864746094,315.6744079589844,285.96160888671875
7,/home/zsr/project/diffpose/ours/deepfluoro/runs/bipose/2/specimen02_xray007_se3_log_map.csv,0.7989272475242615,0.6828579902648926,0.683326780796051,1.740471363067627,0.6804908363164811,1.670411229133606,1.714848279953003,0.0030127209611237,-1.6771036386489868,66.22180938720703,251.58157348632807,244.5260467529297
36,/home/zsr/project/diffpose/ours/deepfluoro/runs/bipose/2/specimen02_xray036_se3_log_map.csv,0.7129716873168945,0.7323455810546875,0.3092475235462188,2.361954927444458,0.2865952464897908,2.492469072341919,1.7158607244491575,0.0088194571435451,-1.5821553468704224,161.47299194335938,320.1140441894531,246.45248413085935
79,/home/zsr/project/diffpose/ours/deepfluoro/runs/bipose/2/specimen02_xray079_se3_log_map.csv,0.7888134717941284,0.6794905662536621,1.0429633855819702,1.5030320882797241,0.5070226202267218,5.848025798797607,1.2353360652923584,-0.1055757254362106,-1.6316628456115725,119.2471694946289,359.6976013183594,253.63003540039065
9,/home/zsr/project/diffpose/ours/deepfluoro/runs/bipose/2/specimen02_xray009_se3_log_map.csv,0.7898362278938293,0.6835697889328003,0.7548388838768005,1.7753809690475464,0.6735707029298686,1.9460341930389404,1.679356813430786,0.0026204020250588,-1.639914870262146,51.58512878417969,256.20001220703125,222.23471069335935
63,/home/zsr/project/diffpose/ours/deepfluoro/runs/bipose/2/specimen02_xray063_se3_log_map.csv,0.7989550828933716,0.8532893657684326,0.2511913180351257,1.7008689641952515,0.18909441662060886,1.945116400718689,1.9720970392227173,0.0193324815481901,-1.574747920036316,112.74031829833984,349.1526794433594,244.25086975097656
89,/home/zsr/project/diffpose/ours/deepfluoro/runs/bipose/2/specimen02_xray089_se3_log_map.csv,0.8187634348869324,0.7477260231971741,0.1090981289744377,1.550531029701233,0.17557385627065186,0.9034063220024108,1.498540282249451,-0.087194450199604,-1.647748947143555,80.31370544433594,328.08856201171875,266.9727478027344
98,/home/zsr/project/diffpose/ours/deepfluoro/runs/bipose/2/specimen02_xray098_se3_log_map.csv,0.7559692859649658,0.8116843104362488,0.2455615550279617,1.5316975116729736,0.11235008968567878,1.4648823738098145,2.282114028930664,-0.0103299673646688,-1.6803176403045654,33.63099670410156,189.2602386474609,232.3047637939453
78,/home/zsr/project/diffpose/ours/deepfluoro/runs/bipose/2/specimen02_xray078_se3_log_map.csv,0.800212025642395,0.6974077224731445,0.550679087638855,1.3716293573379517,0.48394134857197,3.219574213027954,1.327295184135437,-0.0997112542390823,-1.638047695159912,105.49305725097656,350.653076171875,252.01763916015625
