alpha,beta,gamma,bx,by,bz,ncc,geo_r,geo_t,geo_d,geo_se3,time,idx,parameterization,ssim,alpha2,beta2,gamma2,bx2,by2,bz2
-1.0690855979919434,-0.056133292615413666,1.9569108486175537,186.9442138671875,-10.478622436523438,151.117919921875,0.5012466907501221,25.445207595825195,9.944231033325195,27.31934356689453,9.945408821105957,0.2671234139997978,3,se3_log_map,0.649649977684021,1.7124264240264893,-1.058003306388855,-0.6413487195968628,231.1451416015625,160.70309448242188,-13.254400253295898
-1.0836552381515503,-0.042359858751297,1.973290205001831,187.39414978027344,-16.4056396484375,161.15916442871094,0.5372864603996277,30.02045440673828,13.590521812438965,32.953453063964844,13.592328071594238,0.12542940801358782,3,se3_log_map,0.6611416339874268,1.7274264097213745,-1.0730031728744507,-0.656348705291748,238.64511108398438,168.20306396484375,-5.754367351531982
-1.0761966705322266,-0.03507015481591225,1.978540062904358,182.083984375,-18.292373657226562,164.27821350097656,0.5155021548271179,27.696950912475586,19.735645294189453,34.009071350097656,19.737903594970703,0.12122222399921156,3,se3_log_map,0.6440064907073975,1.7389578819274902,-1.065268874168396,-0.6562806963920593,235.89137268066406,169.88108825683594,1.4110828638076782
-1.065828800201416,-0.03546090051531792,1.9751286506652832,177.56610107421875,-18.70092010498047,163.64930725097656,0.5258143544197083,23.33421516418457,22.863235473632812,32.66823196411133,22.865257263183594,0.12157384201418608,3,se3_log_map,0.6414436101913452,1.7402492761611938,-1.0541011095046997,-0.6508933901786804,231.59059143066406,168.0159912109375,5.708797931671143
-1.0561755895614624,-0.03792736306786537,1.9710545539855957,174.30833435058594,-18.743629455566406,162.31932067871094,0.5319285988807678,19.883773803710938,24.93475341796875,31.892108917236328,24.936426162719727,0.12094718401203863,3,se3_log_map,0.64266437292099,1.7395474910736084,-1.0442888736724854,-0.6442434787750244,228.01210021972656,165.66477966308594,8.409516334533691
-1.0489680767059326,-0.040173400193452835,1.966445803642273,172.97193908691406,-18.682693481445312,160.94847106933594,0.505845308303833,17.471439361572266,25.524532318115234,30.931425094604492,25.52582550048828,0.12116427900036797,3,se3_log_map,0.6387298107147217,1.7374346256256104,-1.0364309549331665,-0.6395304799079895,226.0579376220703,163.7303466796875,9.54826831817627
-1.0471506118774414,-0.03988897427916527,1.965101957321167,173.3797607421875,-19.031494140625,161.47756958007812,0.5086526870727539,16.65047836303711,25.433622360229492,30.399139404296875,25.43477439880371,0.1216770279861521,3,se3_log_map,0.6431278586387634,1.7371740341186523,-1.0339586734771729,-0.6392123103141785,226.6915283203125,164.0392608642578,10.235507011413574
-1.0492198467254639,-0.037588268518447876,1.9667134284973145,174.69288635253906,-19.805503845214844,163.53648376464844,0.5243546962738037,16.851713180541992,25.39166259765625,30.474855422973633,25.392871856689453,0.12081240798579529,3,se3_log_map,0.6424242258071899,1.738879680633545,-1.035551905632019,-0.6420062780380249,229.0208282470703,166.00637817382812,10.970812797546387
-1.0517263412475586,-0.036504924297332764,1.965989112854004,177.09934997558594,-20.101837158203125,164.88905334472656,0.5270852446556091,16.724199295043945,24.232358932495117,29.44327163696289,24.233524322509766,0.12098967802012339,3,se3_log_map,0.6395477056503296,1.7377599477767944,-1.0370094776153564,-0.6449049115180969,231.78912353515625,167.64035034179688,10.365910530090332
-1.054230809211731,-0.03503049537539482,1.9674007892608643,179.0981903076172,-20.7427978515625,166.44085693359375,0.5137038230895996,17.406980514526367,23.8557186126709,29.531312942504883,23.856945037841797,0.12217880098614842,3,se3_log_map,0.6383664608001709,1.7386882305145264,-1.0393162965774536,-0.647277295589447,234.49676513671875,169.2372589111328,10.204121589660645
-1.0541491508483887,-0.0347696915268898,1.9683079719543457,179.89370727539062,-21.25255584716797,166.943359375,0.5101085305213928,17.672792434692383,23.77674102783203,29.62534523010254,23.778003692626953,0.1232921929913573,3,se3_log_map,0.642228364944458,1.7396401166915894,-1.0395570993423462,-0.647091805934906,235.65232849121094,169.52536010742188,10.358745574951172
-1.0532426834106445,-0.034710824489593506,1.971086025238037,179.5962677001953,-22.155181884765625,167.44346618652344,0.5140417814254761,18.56279945373535,24.584178924560547,30.805185317993164,24.585613250732422,0.12195178898400627,3,se3_log_map,0.6393048763275146,1.7424508333206177,-1.0400370359420776,-0.6454159617424011,236.10227966308594,169.3369140625,11.420177459716797
-1.0507551431655884,-0.03548872843384743,1.9741402864456177,178.36505126953125,-23.015899658203125,167.17715454101562,0.5246270895004272,19.55731201171875,25.524991989135742,32.15608596801758,25.526634216308594,0.12300721899373457,3,se3_log_map,0.6391769647598267,1.745736002922058,-1.0395727157592773,-0.6418448090553284,235.41831970214844,168.1674346923828,12.702048301696777
-1.0477190017700195,-0.037141576409339905,1.9756760597229004,177.4849853515625,-23.66962432861328,166.446533203125,0.5254314541816711,20.180316925048828,25.915809631347656,32.84622573852539,25.917531967163086,0.12152990000322461,3,se3_log_map,0.6393229961395264,1.7474942207336426,-1.038271188735962,-0.6377408504486084,234.7303466796875,166.61325073242188,13.517226219177246
-1.045111060142517,-0.03888693079352379,1.976068139076233,177.4971466064453,-24.280685424804688,165.76882934570312,0.525385320186615,20.522987365722656,25.73070526123047,32.9129524230957,25.73239517211914,0.19794162298785523,3,se3_log_map,0.640323281288147,1.7480369806289673,-1.0368590354919434,-0.6342957615852356,234.79562377929688,165.26109313964844,13.839296340942383
-1.0439116954803467,-0.04088703542947769,1.9758433103561401,178.4734649658203,-24.787925720214844,165.37481689453125,0.5267177820205688,20.859643936157227,25.007965087890625,32.565673828125,25.009553909301758,0.1217399229935836,3,se3_log_map,0.6412725448608398,1.7473278045654297,-1.036586880683899,-0.6317502856254578,235.8026580810547,164.37464904785156,13.5576753616333
-1.0445917844772339,-0.04234777390956879,1.9771156311035156,179.67738342285156,-25.536102294921875,165.89093017578125,0.5310159921646118,21.81987953186035,24.814964294433594,33.04375457763672,24.816667556762695,0.12260734400479123,3,se3_log_map,0.6396903991699219,1.7474029064178467,-1.0385277271270752,-0.6302642822265625,237.57264709472656,164.3319091796875,13.547111511230469
-1.0462372303009033,-0.04447693005204201,1.9781925678253174,181.5448760986328,-26.063156127929688,166.3828582763672,0.5362666845321655,22.959653854370117,24.189502716064453,33.350830078125,24.191307067871094,0.12427003198536113,3,se3_log_map,0.6345785856246948,1.746559500694275,-1.0415905714035034,-0.6288313865661621,239.8662567138672,164.4317169189453,12.834675788879395
-1.0491950511932373,-0.04478127136826515,1.9819172620773315,182.9337615966797,-27.424339294433594,168.38479614257812,0.5338090658187866,24.818771362304688,25.423757553100586,35.52941131591797,25.426021575927734,0.12239027497707866,3,se3_log_map,0.6341971755027771,1.7483783960342407,-1.046279788017273,-0.6288194060325623,242.79437255859375,165.61154174804688,13.63365364074707
-1.0514503717422485,-0.04606734588742256,1.985977053642273,183.7962188720703,-28.70844268798828,169.74539184570312,0.5300020575523376,27.054935455322266,26.625886917114258,37.95928955078125,26.628742218017578,0.12389467802131549,3,se3_log_map,0.6365060210227966,1.75027334690094,-1.0509403944015503,-0.6272839903831482,245.0153350830078,166.00750732421875,14.337794303894043
-1.0522985458374023,-0.04873572289943695,1.9886902570724487,184.41404724121094,-29.70782470703125,170.18002319335938,0.5334641337394714,28.940168380737305,27.206878662109375,39.72087097167969,27.210113525390625,0.12567137900623493,3,se3_log_map,0.6304128170013428,1.7508878707885742,-1.054282784461975,-0.62412428855896,246.49339294433594,165.4454345703125,14.67773151397705
-1.0526597499847412,-0.05222959816455841,1.9911575317382812,185.05690002441406,-30.561599731445312,169.93157958984375,0.5410276055335999,30.898550033569336,27.255041122436523,41.2014274597168,27.2585506439209,0.12932215898763388,3,se3_log_map,0.6340429186820984,1.751070261001587,-1.0574270486831665,-0.6199756860733032,247.65472412109375,164.2054901123047,14.54032039642334
-1.0538986921310425,-0.05374802649021149,1.996753215789795,184.96014404296875,-32.34748077392578,170.80374145507812,0.5429403185844421,33.70071029663086,28.9755859375,44.444602966308594,28.97992515563965,0.13092152698663995,3,se3_log_map,0.6278497576713562,1.754587173461914,-1.0619596242904663,-0.6168859004974365,249.11105346679688,163.6116943359375,15.925246238708496
-1.0549900531768799,-0.05661214888095856,2.001143455505371,185.16098022460938,-33.786460876464844,170.96405029296875,0.5484842658042908,36.34961700439453,29.917163848876953,47.07792663574219,29.922136306762695,0.1331598669930827,3,se3_log_map,0.627642035484314,1.7564268112182617,-1.0663901567459106,-0.6129278540611267,250.38778686523438,162.40863037109375,16.53417205810547
-1.056452989578247,-0.060577042400836945,2.004831075668335,185.72462463378906,-34.987709045410156,170.79010009765625,0.5558175444602966,39.03615188598633,30.39581298828125,49.47450256347656,30.401351928710938,0.1324657869990915,3,se3_log_map,0.6257340908050537,1.7569202184677124,-1.071323275566101,-0.6084390878677368,251.76947021484375,160.92770385742188,16.537708282470703
-1.0587470531463623,-0.06461260467767715,2.0090465545654297,186.41542053222656,-36.275535583496094,170.8218536376953,0.5608571171760559,42.04853439331055,31.077861785888672,52.28683090209961,31.084184646606445,0.13314577299752273,3,se3_log_map,0.6260141134262085,1.7574517726898193,-1.0772985219955444,-0.6041427850723267,253.43565368652344,159.59494018554688,16.510465621948242
-1.0620715618133545,-0.06736335903406143,2.014554738998413,186.9598846435547,-37.773284912109375,171.60952758789062,0.5646496415138245,45.353843688964844,32.48414611816406,55.78701400756836,32.49183654785156,0.12345279799774289,3,se3_log_map,0.6236140131950378,1.7592873573303223,-1.0842585563659668,-0.6011072397232056,255.41177368164062,159.02841186523438,16.965883255004883
-1.0646414756774902,-0.07122355699539185,2.017606496810913,188.13099670410156,-38.70136260986328,171.56405639648438,0.5651769638061523,47.897274017333984,32.825435638427734,58.065982818603516,32.833919525146484,0.12398538400884718,3,se3_log_map,0.6178509593009949,1.758745789527893,-1.0898295640945435,-0.5976196527481079,257.2425231933594,157.936767578125,16.36094093322754
-1.0675759315490723,-0.07460605353116989,2.021510124206543,188.7388458251953,-39.936279296875,172.2383575439453,0.5661903023719788,50.70439910888672,34.02890396118164,61.06473922729492,34.03874588012695,0.12417099400772713,3,se3_log_map,0.616185188293457,1.7590038776397705,-1.0959179401397705,-0.5944109559059143,259.0682373046875,157.3174285888672,16.682348251342773
-1.0708736181259155,-0.07745755463838577,2.025996685028076,189.1641082763672,-41.28052520751953,173.21365356445312,0.5691585540771484,53.65015411376953,35.56427001953125,64.36735534667969,35.57595443725586,0.12371084399637766,3,se3_log_map,0.6136406660079956,1.75985586643219,-1.102376103401184,-0.5916455388069153,260.9298095703125,156.97056579589844,17.292665481567383
-1.0745713710784912,-0.07912584394216537,2.0315423011779785,189.12110900878906,-43.000701904296875,174.8391571044922,0.5668715238571167,56.76244354248047,37.89288330078125,68.2484130859375,37.90718460083008,0.12500079901656136,3,se3_log_map,0.617314338684082,1.7620344161987305,-1.109189510345459,-0.5897478461265564,262.856201171875,157.1208953857422,18.757164001464844
-1.0765681266784668,-0.0821022316813469,2.0344414710998535,189.39927673339844,-44.25676727294922,175.71749877929688,0.5654582977294922,58.95093536376953,39.3471794128418,70.87604522705078,39.363162994384766,0.1241070420073811,3,se3_log_map,0.6142784357070923,1.7620195150375366,-1.1137117147445679,-0.5867564678192139,264.4223327636719,156.66940307617188,19.636123657226562
-1.077840805053711,-0.08584131300449371,2.0358054637908936,190.19590759277344,-45.237342834472656,176.18923950195312,0.5694944858551025,60.65058898925781,40.2650260925293,72.79949188232422,40.282127380371094,0.12489375300356187,3,se3_log_map,0.616706907749176,1.7606112957000732,-1.1171448230743408,-0.5832949280738831,266.0768737792969,155.93426513671875,19.937355041503906
-1.0766074657440186,-0.09116236120462418,2.033611297607422,191.1988525390625,-45.48963928222656,175.51168823242188,0.5686264038085938,61.13643264770508,39.903038024902344,73.00627136230469,39.919532775878906,0.12518386598094366,3,se3_log_map,0.611223578453064,1.7564761638641357,-1.1172233819961548,-0.5784494280815125,266.89898681640625,154.32455444335938,19.453754425048828
-1.0762114524841309,-0.09490251541137695,2.032662868499756,191.71580505371094,-46.16270446777344,175.7813720703125,0.5626073479652405,61.838905334472656,40.534759521484375,73.93995666503906,40.551639556884766,0.12629030700190924,3,se3_log_map,0.6117197871208191,1.7538554668426514,-1.1180003881454468,-0.5750563144683838,267.9299621582031,153.53587341308594,19.98018455505371
-1.0778179168701172,-0.09642323106527328,2.0340967178344727,191.86203002929688,-47.363525390625,177.336181640625,0.5723505020141602,63.0310173034668,42.417842864990234,75.97488403320312,42.43667984008789,0.12406509500578977,3,se3_log_map,0.6109474897384644,1.7535195350646973,-1.1208144426345825,-0.5738993287086487,269.529296875,153.9495391845703,21.48390007019043
-1.0791370868682861,-0.09744135290384293,2.0355160236358643,191.73582458496094,-48.566612243652344,179.03085327148438,0.5724747180938721,64.02964782714844,44.42441940307617,77.9315414428711,44.445281982421875,0.1249867059814278,3,se3_log_map,0.611134946346283,1.7535701990127563,-1.1231380701065063,-0.5730545520782471,270.9283142089844,154.54222106933594,23.287158966064453
-1.0779510736465454,-0.10034891963005066,2.033113718032837,192.15431213378906,-48.80561065673828,179.23300170898438,0.575145423412323,63.9026985168457,44.69769287109375,77.98358154296875,44.71843338012695,0.12547530501615256,3,se3_log_map,0.6112951636314392,1.7505154609680176,-1.1221420764923096,-0.5706694722175598,271.5157775878906,154.08889770507812,23.708772659301758
-1.0766901969909668,-0.10322161763906479,2.030552864074707,192.49786376953125,-48.955711364746094,179.5086669921875,0.5756344795227051,63.762508392333984,44.959808349609375,78.01950073242188,44.98054122924805,0.1258769659907557,3,se3_log_map,0.6094019412994385,1.7473772764205933,-1.1209970712661743,-0.5683484077453613,272.022216796875,153.75973510742188,24.173707962036133
-1.0772638320922852,-0.10408645868301392,2.030424118041992,192.60646057128906,-49.769935607910156,181.1103515625,0.5745052099227905,64.074951171875,46.60246658325195,79.22998046875,46.624759674072266,0.12674640398472548,3,se3_log_map,0.6105799674987793,1.7465332746505737,-1.1218374967575073,-0.5679289102554321,273.30914306640625,154.55686950683594,25.68329429626465
-1.0761501789093018,-0.10622556507587433,2.0276663303375244,193.27056884765625,-49.96092987060547,181.68109130859375,0.5764947533607483,63.71466064453125,47.07505416870117,79.21880340576172,47.09750747680664,0.12642166300793178,3,se3_log_map,0.6113498210906982,1.7435474395751953,-1.120436668395996,-0.5664966702461243,274.20867919921875,154.62657165527344,26.14985466003418
-1.073832631111145,-0.10870994627475739,2.0231375694274902,194.27032470703125,-49.86927795410156,181.75527954101562,0.5791663527488708,62.811344146728516,47.00661849975586,78.45308685302734,47.02851867675781,0.1277257699985057,3,se3_log_map,0.6023815870285034,1.7394212484359741,-1.1172620058059692,-0.5648289322853088,274.9427795410156,154.3773651123047,26.179636001586914
-1.071723222732544,-0.11066606640815735,2.019136428833008,195.20376586914062,-49.88715362548828,182.18487548828125,0.5814091563224792,62.013824462890625,47.27798080444336,77.98026275634766,47.29970932006836,0.12508551598875783,3,se3_log_map,0.6035692691802979,1.7359280586242676,-1.1143141984939575,-0.5635409355163574,275.83734130859375,154.4688720703125,26.4859561920166
-1.0696892738342285,-0.11167499423027039,2.0151166915893555,196.194091796875,-50.10581970214844,183.03350830078125,0.5835860967636108,60.948184967041016,47.99979782104492,77.58003997802734,48.02152633666992,0.12565363899921067,3,se3_log_map,0.5996193885803223,1.7328855991363525,-1.1110340356826782,-0.5632061958312988,277.0224609375,154.9731903076172,27.169729232788086
-1.0667364597320557,-0.11314131319522858,2.010002613067627,197.3906707763672,-50.139923095703125,183.57015991210938,0.5859618186950684,59.723480224609375,48.40516662597656,76.87622833251953,48.426612854003906,0.12502352002775297,3,se3_log_map,0.5977498888969421,1.729079246520996,-1.1066186428070068,-0.5623693466186523,278.1048278808594,155.23655700683594,27.600967407226562
-1.0633182525634766,-0.1146792322397232,2.004667282104492,198.59286499023438,-50.14469909667969,184.0492401123047,0.5889334082603455,58.55305099487305,48.78208923339844,76.21123504638672,48.80323791503906,0.12724127099500038,3,se3_log_map,0.6026453971862793,1.725250482559204,-1.1017260551452637,-0.5612645149230957,279.130126953125,155.44271850585938,28.05492401123047
-1.0593900680541992,-0.11665796488523483,1.9988131523132324,199.9557342529297,-50.05339813232422,184.4174041748047,0.5929141640663147,57.55446243286133,49.05717849731445,75.62488555908203,49.07814407348633,0.12687864800682291,3,se3_log_map,0.6060196757316589,1.720962643623352,-1.096348524093628,-0.5596470236778259,280.1864013671875,155.53900146484375,28.37807273864746
-1.055748462677002,-0.11801881343126297,1.9929702281951904,201.68377685546875,-50.15385437011719,185.13323974609375,0.596962571144104,56.51377487182617,49.78831100463867,75.31721496582031,49.80949401855469,0.12522638399968855,3,se3_log_map,0.5984134674072266,1.7168673276901245,-1.090993881225586,-0.5587695240974426,281.7864990234375,155.96505737304688,28.809844970703125
-1.0516328811645508,-0.11960875242948532,1.9860999584197998,203.9468536376953,-50.141754150390625,185.63211059570312,0.6038800477981567,55.53781509399414,50.42978286743164,75.01741027832031,50.45138931274414,0.132202661014162,3,se3_log_map,0.6019510626792908,1.7119630575180054,-1.0848749876022339,-0.557826817035675,283.6614074707031,156.26931762695312,28.841848373413086
-1.0452067852020264,-0.12324383854866028,1.9756864309310913,207.00033569335938,-49.14490509033203,184.11236572265625,0.6210408806800842,55.1546630859375,49.26774215698242,73.95503234863281,49.289756774902344,0.1276028149877675,3,se3_log_map,0.5993185043334961,1.703932762145996,-1.076047658920288,-0.5550782084465027,284.77984619140625,155.0943145751953,26.945234298706055
-1.0406970977783203,-0.12494654208421707,1.966636300086975,210.28485107421875,-48.70026397705078,183.64231872558594,0.6239423751831055,54.682167053222656,49.48196029663086,73.74688720703125,49.504981994628906,0.13040920899948105,3,se3_log_map,0.6025357246398926,1.697206735610962,-1.0687507390975952,-0.5546968579292297,286.85870361328125,154.8994598388672,25.6539363861084
-1.0368001461029053,-0.12518447637557983,1.9593638181686401,212.84481811523438,-48.584503173828125,183.70217895507812,0.6219419836997986,54.07652282714844,50.239444732666016,73.81240844726562,50.26308059692383,0.13254777999827638,3,se3_log_map,0.6047818660736084,1.6924997568130493,-1.062150478363037,-0.5552417635917664,288.7022399902344,155.15199279785156,25.19445037841797
-1.0328874588012695,-0.12397141009569168,1.953851342201233,214.61822509765625,-48.917335510253906,184.35443115234375,0.6204712390899658,53.14564514160156,51.505897521972656,74.00890350341797,51.529640197753906,0.12888727101380937,3,se3_log_map,0.6083397269248962,1.69007408618927,-1.0556498765945435,-0.5563146471977234,290.3004150390625,155.7920379638672,25.82375144958496
-1.0271944999694824,-0.12242095172405243,1.9496970176696777,214.83815002441406,-49.42817687988281,184.96389770507812,0.6322052478790283,52.38779067993164,52.32325744628906,74.04190826416016,52.34662628173828,0.1287081059999764,3,se3_log_map,0.603215217590332,1.6897720098495483,-1.0479923486709595,-0.5559279322624207,290.5547790527344,156.10598754882812,27.6513729095459
-1.0199825763702393,-0.12087264657020569,1.9457066059112549,214.31369018554688,-49.96958923339844,185.36578369140625,0.6433770656585693,51.98859405517578,52.76339340209961,74.07286834716797,52.78633117675781,0.12761699099792168,3,se3_log_map,0.6010334491729736,1.6902421712875366,-1.0390485525131226,-0.5544596314430237,290.0191955566406,156.08013916015625,30.016263961791992
-1.0126527547836304,-0.11942277103662491,1.9402474164962769,214.5543975830078,-50.218048095703125,185.31280517578125,0.6364521980285645,51.95565414428711,52.9798583984375,74.20414733886719,53.00279998779297,0.1293929810053669,3,se3_log_map,0.599114716053009,1.6893808841705322,-1.0294145345687866,-0.5534260869026184,289.7779235839844,155.9035186767578,31.537317276000977
-1.0074853897094727,-0.11768647283315659,1.9338750839233398,216.4805145263672,-50.22416687011719,185.24252319335938,0.6452950239181519,51.86726379394531,53.642459869384766,74.61720275878906,53.666046142578125,0.12963617400964722,3,se3_log_map,0.5995497703552246,1.6868926286697388,-1.021193265914917,-0.5544106960296631,290.94683837890625,156.1764678955078,31.64119529724121
-1.0035438537597656,-0.11603735387325287,1.926275372505188,219.81761169433594,-49.88877868652344,184.75364685058594,0.6509757041931152,52.00538635253906,54.47809600830078,75.31549072265625,54.50267028808594,0.13140135299181566,3,se3_log_map,0.6031595468521118,1.6827269792556763,-1.0135862827301025,-0.5565921664237976,293.0540771484375,156.5000762939453,30.321109771728516
-0.9984005093574524,-0.11437894403934479,1.9192512035369873,222.12350463867188,-49.618743896484375,184.15789794921875,0.6422723531723022,52.64695358276367,54.98883819580078,76.12800598144531,55.01435089111328,0.13034121997770853,3,se3_log_map,0.602675199508667,1.6795483827590942,-1.0051578283309937,-0.5577071905136108,294.2191162109375,156.5330810546875,29.72743797302246
-0.9916427731513977,-0.11238992214202881,1.9138933420181274,222.69053649902344,-49.56585693359375,183.6239013671875,0.6506096124649048,53.62111282348633,54.90605163574219,76.74567413330078,54.932472229003906,0.13086055498570204,3,se3_log_map,0.6017293334007263,1.6786409616470337,-0.995852530002594,-0.5573252439498901,293.9491271972656,156.26962280273438,30.456180572509766
-0.9846067428588867,-0.10983853042125702,1.9089860916137695,222.87615966796875,-49.549476623535156,183.09780883789062,0.6474250555038452,54.691307067871094,54.6739616394043,77.33292388916016,54.70133590698242,0.13100927200866863,3,se3_log_map,0.603129506111145,1.678481936454773,-0.9862139821052551,-0.5570496320724487,293.3362121582031,156.0262908935547,31.449317932128906
-0.9802647829055786,-0.10636649280786514,1.9050452709197998,224.07211303710938,-49.64331817626953,183.13027954101562,0.6525795459747314,54.89238357543945,55.349403381347656,77.95338439941406,55.377262115478516,0.13103598199086264,3,se3_log_map,0.6040192246437073,1.6784958839416504,-0.9789090752601624,-0.5589690208435059,293.97235107421875,156.58169555664062,31.87273406982422
-0.9783820509910583,-0.102228544652462,1.9025685787200928,225.9691925048828,-49.92089080810547,183.7463836669922,0.6579105854034424,54.15481185913086,56.86196517944336,78.52405548095703,56.8897590637207,0.1314300810045097,3,se3_log_map,0.6030492782592773,1.6791198253631592,-0.9740602970123291,-0.5625134706497192,295.640625,157.83047485351562,31.97100067138672
-0.97503262758255,-0.09885094314813614,1.900536060333252,227.1258544921875,-50.21001434326172,183.97962951660156,0.6525009870529175,54.14284133911133,57.791324615478516,79.19143676757812,57.819515228271484,0.13291482100612484,3,se3_log_map,0.6089946031570435,1.680333137512207,-0.968475341796875,-0.5642005205154419,296.50262451171875,158.45875549316406,32.41211700439453
-0.9698785543441772,-0.09623144567012787,1.899223804473877,227.40953063964844,-50.604331970214844,183.852294921875,0.6545340418815613,54.92756271362305,58.1158561706543,79.9655532836914,58.14511489868164,0.13209971101605333,3,se3_log_map,0.6158278584480286,1.6825088262557983,-0.9619747996330261,-0.5637012720108032,296.486572265625,158.38746643066406,33.378761291503906
-0.9644973278045654,-0.09555765986442566,1.8970870971679688,228.20358276367188,-50.63117218017578,182.95204162597656,0.655110239982605,56.71590805053711,58.062259674072266,81.16600799560547,58.09339141845703,0.13381165100145154,3,se3_log_map,0.6182974576950073,1.6830627918243408,-0.9559263586997986,-0.5615881681442261,296.5432434082031,157.593505859375,33.327301025390625
-0.9614707827568054,-0.09511451423168182,1.8955150842666626,229.97280883789062,-50.60363006591797,182.39755249023438,0.6599450707435608,57.804527282714844,58.74431610107422,82.41515350341797,58.77693176269531,0.13324041999294423,3,se3_log_map,0.6160352230072021,1.6830674409866333,-0.9523358345031738,-0.5605985522270203,297.70428466796875,157.32101440429688,32.52653121948242
-0.9593631625175476,-0.09473130851984024,1.8945746421813965,232.0586395263672,-50.543060302734375,181.93356323242188,0.658673882484436,58.52815246582031,59.69411087036133,83.5998306274414,59.727901458740234,0.21524185402086005,3,se3_log_map,0.6137145757675171,1.6832407712936401,-0.9498625993728638,-0.5599144697189331,299.2281494140625,157.2235107421875,31.397687911987305
-0.9568851590156555,-0.09393236041069031,1.895770788192749,233.1327362060547,-50.84507751464844,181.87998962402344,0.6595584154129028,58.88296127319336,60.50173568725586,84.42549133300781,60.5364875793457,0.13241622399073094,3,se3_log_map,0.6099190711975098,1.685662031173706,-0.9477444887161255,-0.5585297346115112,300.18914794921875,157.18006896972656,31.269886016845703
-0.9539029002189636,-0.09238888323307037,1.8990195989608765,233.1271209716797,-51.567039489746094,182.2998046875,0.6657770872116089,58.886390686035156,61.14965057373047,84.89338684082031,61.18503952026367,0.1334419660270214,3,se3_log_map,0.6063507795333862,1.6904675960540771,-0.9456473588943481,-0.5566970109939575,300.54473876953125,157.25439453125,32.300575256347656
-0.9507957100868225,-0.09105230122804642,1.9016151428222656,233.3612823486328,-52.16117858886719,182.509765625,0.6624011993408203,59.18696594238281,61.7604866027832,85.54212188720703,61.79666519165039,0.13263726598233916,3,se3_log_map,0.6060675382614136,1.694635033607483,-0.9432633519172668,-0.5548540353775024,300.9649963378906,157.21998596191406,33.032630920410156
-0.9482611417770386,-0.09082216769456863,1.902704119682312,234.7161102294922,-52.318931579589844,182.0963897705078,0.6671825051307678,59.88303756713867,62.47585678100586,86.54022979736328,62.51328659057617,0.13306001300225034,3,se3_log_map,0.6066246032714844,1.6966990232467651,-0.9413326978683472,-0.55296391248703,302.00262451171875,156.88966369628906,32.412139892578125
-0.9468761086463928,-0.09053035080432892,1.904128074645996,236.63742065429688,-52.457908630371094,181.83700561523438,0.6685410141944885,60.11493682861328,63.63919448852539,87.54286193847656,63.67763137817383,0.13351594700361602,3,se3_log_map,0.605129599571228,1.6986463069915771,-0.9405363202095032,-0.5517642498016357,303.6483154296875,156.8379364013672,31.369613647460938
-0.9442546367645264,-0.09079951047897339,1.9056825637817383,237.90272521972656,-52.5679931640625,181.2723388671875,0.6684460639953613,60.974029541015625,64.24938201904297,88.57660675048828,64.28932189941406,0.1326464000158012,3,se3_log_map,0.6075439453125,1.7009186744689941,-0.9389785528182983,-0.5491812229156494,304.568115234375,156.30026245117188,30.629188537597656
-0.9403434991836548,-0.09104107320308685,1.9073952436447144,238.52645874023438,-52.702117919921875,180.46786499023438,0.6669310927391052,62.32912826538086,64.36241912841797,89.59599304199219,64.40421295166016,0.13302593099069782,3,se3_log_map,0.6035609841346741,1.7038416862487793,-0.9363101124763489,-0.5457116961479187,304.7877197265625,155.40628051757812,30.287355422973633
-0.9378049969673157,-0.0899413600564003,1.9102048873901367,239.2340850830078,-53.05278778076172,180.35968017578125,0.66933274269104,62.70751190185547,64.98980712890625,90.31005859375,65.03253173828125,0.1327652420150116,3,se3_log_map,0.606971800327301,1.7078567743301392,-0.9346184730529785,-0.5439673662185669,305.44635009765625,155.29879760742188,30.262163162231445
-0.9369986653327942,-0.08769519627094269,1.9136687517166138,240.07139587402344,-53.60707092285156,181.0093536376953,0.6746770143508911,62.08359146118164,66.17051696777344,90.73538208007812,66.21304321289062,0.13356783500057645,3,se3_log_map,0.6037582755088806,1.7123357057571411,-0.9341520071029663,-0.5441790819168091,306.6145324707031,156.02517700195312,30.5363712310791
-0.9350781440734863,-0.0862245187163353,1.9160497188568115,240.9019775390625,-53.89215087890625,181.19171142578125,0.6744452118873596,62.267391204833984,66.97605895996094,91.44955444335938,67.01925659179688,0.13485145298182033,3,se3_log_map,0.6054600477218628,1.7159017324447632,-0.9326360821723938,-0.5433617234230042,307.4569091796875,156.33001708984375,30.538705825805664
-0.9317917823791504,-0.08521202206611633,1.9173203706741333,241.68251037597656,-54.00315856933594,180.9918212890625,0.6759315133094788,63.25971221923828,67.47671508789062,92.49269104003906,67.52155303955078,0.13289152798824944,3,se3_log_map,0.6064417958259583,1.7187747955322266,-0.9296608567237854,-0.5416513681411743,307.9794006347656,156.26307678222656,30.476451873779297
-0.9263811111450195,-0.0853092223405838,1.915549874305725,242.9390869140625,-53.51397705078125,179.58969116210938,0.6772420406341553,65.6712875366211,67.44197082519531,94.13361358642578,67.49042510986328,0.13458400400122628,3,se3_log_map,0.6164150238037109,1.7191979885101318,-0.924087643623352,-0.5386740565299988,308.1253356933594,155.27944946289062,29.451860427856445
-0.9224292635917664,-0.08388746529817581,1.915189504623413,244.3609619140625,-53.30921173095703,179.09405517578125,0.678655743598938,67.02438354492188,68.11490631103516,95.56101989746094,68.1658935546875,0.21277862100396305,3,se3_log_map,0.6257538795471191,1.7210350036621094,-0.9196138381958008,-0.5375233888626099,308.8948974609375,155.2815704345703,28.85347557067871
-0.9185406565666199,-0.08200903236865997,1.914599061012268,245.8116455078125,-53.06166076660156,178.69212341308594,0.6792643666267395,68.30198669433594,68.8495101928711,96.98152160644531,68.903076171875,0.13610542699461803,3,se3_log_map,0.6306449174880981,1.7228424549102783,-0.9148564338684082,-0.5369217991828918,309.68231201171875,155.48635864257812,28.293296813964844
-0.9156433343887329,-0.07893552631139755,1.9159135818481445,246.6194305419922,-53.27129364013672,179.17318725585938,0.6833992004394531,68.79734802246094,69.74641418457031,97.96753692626953,69.8012924194336,0.13488133600912988,3,se3_log_map,0.6326096057891846,1.7265353202819824,-0.9111359119415283,-0.5373687744140625,310.4301452636719,156.36570739746094,28.743267059326172
-0.9122123122215271,-0.07577142864465714,1.9175899028778076,246.91455078125,-53.58330535888672,179.68040466308594,0.6825487613677979,69.55818176269531,70.3405532836914,98.92489624023438,70.39682006835938,0.1342381220019888,3,se3_log_map,0.6357667446136475,1.7307817935943604,-0.9070221185684204,-0.5374218225479126,310.75018310546875,157.13735961914062,29.625629425048828
-0.9076575040817261,-0.0741616040468216,1.9179143905639648,247.25901794433594,-53.522850036621094,179.49378967285156,0.6807633638381958,71.27877044677734,70.48059844970703,100.2406005859375,70.53965759277344,0.1351291780010797,3,se3_log_map,0.6315373778343201,1.7334951162338257,-0.902152419090271,-0.5358002185821533,310.7137756347656,157.20140075683594,29.984905242919922
-0.9033188223838806,-0.07422786206007004,1.917046308517456,248.22747802734375,-53.030609130859375,178.70579528808594,0.6827856302261353,73.31436920166016,70.60427856445312,101.78388977050781,70.66706085205078,0.13583589799236506,3,se3_log_map,0.6322463750839233,1.73427414894104,-0.8978859782218933,-0.5332029461860657,310.9168701171875,156.7784881591797,29.299156188964844
-0.9003151059150696,-0.07513990998268127,1.915533423423767,249.89585876464844,-52.2645263671875,177.842041015625,0.6844353675842285,74.9418716430664,71.10602569580078,103.30707550048828,71.17239379882812,0.13757801899919286,3,se3_log_map,0.6334536671638489,1.733590006828308,-0.895029604434967,-0.5309320092201233,311.69879150390625,156.44752502441406,27.799253463745117
-0.8984102606773376,-0.07504451274871826,1.915155291557312,251.3404083251953,-51.73809051513672,177.52645874023438,0.6804713010787964,75.81655883789062,71.81461334228516,104.42935180664062,71.8833236694336,0.13704092899570242,3,se3_log_map,0.6355427503585815,1.7339866161346436,-0.8930933475494385,-0.5299032926559448,312.59210205078125,156.6591339111328,26.728134155273438
-0.8962575793266296,-0.07432584464550018,1.915764570236206,251.957763671875,-51.472312927246094,177.4925079345703,0.6803628206253052,76.63600158691406,72.14202117919922,105.24993133544922,72.21245574951172,0.13689247201546095,3,se3_log_map,0.6406418085098267,1.7356470823287964,-0.8909937739372253,-0.5289297103881836,312.9289245605469,156.95721435546875,26.46113395690918
-0.8930970430374146,-0.07336632162332535,1.9169434309005737,251.57545471191406,-51.345733642578125,177.36138916015625,0.6844316124916077,77.85662841796875,71.7324447631836,105.86405181884766,71.8045883178711,0.1366228270053398,3,se3_log_map,0.635016679763794,1.7382936477661133,-0.888073205947876,-0.5273111462593079,312.3484802246094,156.9578857421875,26.88572883605957
-0.8907256722450256,-0.07215145230293274,1.9183486700057983,251.13485717773438,-51.29869079589844,177.5982666015625,0.6831635236740112,78.67797088623047,71.4559326171875,106.28346252441406,71.52900695800781,0.13644577699596994,3,se3_log_map,0.6342043876647949,1.7409703731536865,-0.8858206272125244,-0.5263710021972656,311.8988037109375,157.31112670898438,27.508949279785156
-0.8903961181640625,-0.07020489871501923,1.92025887966156,251.2982177734375,-51.36073303222656,178.39344787597656,0.6829063892364502,78.426025390625,71.91474151611328,106.40663146972656,71.98736572265625,0.13839330902555957,3,se3_log_map,0.6362926959991455,1.7436950206756592,-0.8852372169494629,-0.5272757411003113,312.2840270996094,158.3924560546875,27.92063331604004
-0.8909826874732971,-0.06935054063796997,1.9220887422561646,251.86488342285156,-51.286712646484375,179.1995391845703,0.6759206056594849,77.93903350830078,72.62435150146484,106.53069305419922,72.6963882446289,0.1374636950204149,3,se3_log_map,0.638648271560669,1.7455240488052368,-0.8860490918159485,-0.5277968049049377,313.077392578125,159.4571533203125,27.85053062438965
-0.8891555666923523,-0.07086726278066635,1.9216704368591309,252.2243194580078,-50.69171142578125,178.8947296142578,0.68242347240448,79.05276489257812,72.48410034179688,107.25337219238281,72.55828857421875,0.12701453300542198,3,se3_log_map,0.6386191844940186,1.7451210021972656,-0.8850274085998535,-0.5253359079360962,313.0649719238281,159.28250122070312,27.260997772216797
-0.8865103125572205,-0.07295749336481094,1.9208194017410278,252.41403198242188,-50.07061767578125,178.3671875,0.6863334774971008,80.66121673583984,72.12081909179688,108.20186614990234,72.19795989990234,0.13539675099309534,3,se3_log_map,0.6406187415122986,1.7443634271621704,-0.8833962082862854,-0.5219587087631226,312.802978515625,158.75872802734375,26.748327255249023
-0.8845518231391907,-0.07485079020261765,1.919960618019104,252.77828979492188,-49.49444580078125,178.11692810058594,0.6854658126831055,81.92108154296875,72.02948760986328,109.0839614868164,72.10919952392578,0.1367430909886025,3,se3_log_map,0.6371817588806152,1.7434399127960205,-0.8822876214981079,-0.5192182064056396,312.8318176269531,158.54061889648438,26.259719848632812
-0.8836286067962646,-0.07615549117326736,1.9195832014083862,253.18267822265625,-49.057586669921875,178.35025024414062,0.6853875517845154,82.58450317382812,72.22673034667969,109.71280670166016,72.3080062866211,0.13784169300924987,3,se3_log_map,0.6381337642669678,1.7428444623947144,-0.8819996118545532,-0.5175330638885498,313.1427307128906,158.82513427734375,25.989980697631836
-0.883104145526886,-0.07710137963294983,1.9196891784667969,253.35165405273438,-48.731300354003906,178.85604858398438,0.6862632036209106,82.9839859008789,72.39942932128906,110.12728881835938,72.48162078857422,0.13659651001216844,3,se3_log_map,0.6340695023536682,1.7427048683166504,-0.8820739388465881,-0.5162697434425354,313.3886413574219,159.33934020996094,26.015520095825195
-0.8826178908348083,-0.07761768251657486,1.9202637672424316,253.1963653564453,-48.58198547363281,179.55111694335938,0.6874570250511169,83.2746810913086,72.47844696044922,110.39836120605469,72.56104278564453,0.13766333300736733,3,se3_log_map,0.6350550651550293,1.743168830871582,-0.8821366429328918,-0.5152623057365417,313.4677734375,159.95069885253906,26.442529678344727
-0.8821134567260742,-0.07805056124925613,1.9210686683654785,252.83297729492188,-48.50031280517578,180.3872528076172,0.6870023608207703,83.55257415771484,72.49040222167969,110.61595916748047,72.57321166992188,0.13768026998150162,3,se3_log_map,0.6339907646179199,1.7438862323760986,-0.8822276592254639,-0.5142372250556946,313.43658447265625,160.63668823242188,27.110456466674805
-0.8810456395149231,-0.07933709025382996,1.921403408050537,252.37362670898438,-48.283302307128906,180.94381713867188,0.6857037544250488,84.2590103149414,72.25907897949219,110.99979400634766,72.3427505493164,0.13910180499078706,3,se3_log_map,0.6282135844230652,1.7439978122711182,-0.8820791244506836,-0.5122163891792297,313.18255615234375,160.96429443359375,27.64462661743164
-0.8803048729896545,-0.08064441382884979,1.9213169813156128,252.33908081054688,-48.01776123046875,181.34422302246094,0.6853880882263184,84.83512878417969,72.2763900756836,111.44898223876953,72.36116027832031,0.13987836899468675,3,se3_log_map,0.6244123578071594,1.7436001300811768,-0.8820740580558777,-0.5105431079864502,313.2404479980469,161.23687744140625,27.80085563659668
-0.879469633102417,-0.08220019936561584,1.9204050302505493,252.7249298095703,-47.589073181152344,181.44915771484375,0.687665581703186,85.53125762939453,72.42467498779297,112.07555389404297,72.51126861572266,0.13845320499967784,3,se3_log_map,0.6285378932952881,1.7423759698867798,-0.8817933201789856,-0.508874773979187,313.4989318847656,161.3434295654297,27.49350929260254
-0.8788186311721802,-0.08388064801692963,1.9193309545516968,253.2676239013672,-47.133522033691406,181.49594116210938,0.6886629462242126,86.17683410644531,72.66419219970703,112.72325134277344,72.75270080566406,0.13927783200051636,3,se3_log_map,0.6234163641929626,1.7408829927444458,-0.8816862106323242,-0.507270872592926,313.8788757324219,161.41510009765625,27.027406692504883
-0.8776549100875854,-0.0855887234210968,1.9178942441940308,253.6432342529297,-46.68158721923828,181.39315795898438,0.6876001358032227,87.08350372314453,72.71614837646484,113.45120239257812,72.80690002441406,0.14005136501509696,3,se3_log_map,0.6249167919158936,1.7392332553863525,-0.8809880018234253,-0.5054351091384888,314.029296875,161.30067443847656,26.666324615478516
-0.8765316605567932,-0.08666595816612244,1.9174643754959106,253.56167602539062,-46.46678924560547,181.5439910888672,0.6878107786178589,87.81578063964844,72.62029266357422,113.95314025878906,72.7125015258789,0.1393466739973519,3,se3_log_map,0.6258357763290405,1.738765835762024,-0.8803812265396118,-0.5038484334945679,313.9399719238281,161.32986450195312,26.821693420410156
-0.8755811452865601,-0.08730094879865646,1.917490005493164,253.2073516845703,-46.379722595214844,181.89039611816406,0.6881415843963623,88.36762237548828,72.44927215576172,114.27044677734375,72.54225158691406,0.13845001300796866,3,se3_log_map,0.6290677785873413,1.7388478517532349,-0.8798699975013733,-0.5026218295097351,313.7149658203125,161.51104736328125,27.29439353942871
-0.8760811686515808,-0.08706825971603394,1.918548583984375,253.03067016601562,-46.53631591796875,182.87261962890625,0.6876839995384216,88.05304718017578,72.80583190917969,114.25422668457031,72.89815521240234,0.13921786300488748,3,se3_log_map,0.6281248927116394,1.7397325038909912,-0.8806103467941284,-0.5027850270271301,314.0028076171875,162.34857177734375,27.993288040161133
-0.8765096664428711,-0.08792223781347275,1.9188932180404663,253.00460815429688,-46.48832702636719,183.5853271484375,0.6851241588592529,88.00678253173828,73.0808334350586,114.3940658569336,73.17318725585938,0.13830915099242702,3,se3_log_map,0.6302896738052368,1.7395070791244507,-0.8815948367118835,-0.502148449420929,314.2953796386719,162.8850555419922,28.31894302368164
-0.8761533498764038,-0.0894465520977974,1.9186514616012573,252.91864013671875,-46.31512451171875,183.89791870117188,0.6856900453567505,88.47203063964844,73.0789794921875,114.7511978149414,73.17232513427734,0.13985725698876195,3,se3_log_map,0.6299405694007874,1.738731861114502,-0.8819988965988159,-0.5005837082862854,314.3371276855469,162.97618103027344,28.4705867767334
-0.8758405447006226,-0.09088009595870972,1.9187095165252686,252.8108367919922,-46.241783142089844,184.30172729492188,0.6855447292327881,88.89273071289062,73.14698791503906,115.11906433105469,73.24120330810547,0.13795603398466483,3,se3_log_map,0.6322399377822876,1.7382539510726929,-0.8825098872184753,-0.4990231692790985,314.43536376953125,163.09971618652344,28.74413299560547
-0.8752518892288208,-0.09226945787668228,1.9183807373046875,252.86380004882812,-46.12962341308594,184.47622680664062,0.6863453388214111,89.44740295410156,73.21951293945312,115.59384155273438,73.31510925292969,0.2038662649865728,3,se3_log_map,0.6296483278274536,1.7375444173812866,-0.8825967311859131,-0.49746257066726685,314.5582580566406,163.05392456054688,28.830663681030273
-0.8746915459632874,-0.09383644163608551,1.9176316261291504,253.12728881835938,-45.920806884765625,184.500244140625,0.688403308391571,90.0442123413086,73.34551239013672,116.13579559326172,73.44278717041016,0.13858847701339982,3,se3_log_map,0.6320618987083435,1.736363410949707,-0.8826439380645752,-0.4959088861942291,314.78106689453125,162.9250030517578,28.658828735351562
-0.8746852278709412,-0.09506311267614365,1.917356252670288,253.4949493408203,-45.84477233886719,184.73593139648438,0.6886838674545288,90.30854034423828,73.70772552490234,116.5695571899414,73.80622863769531,0.13956031898851506,3,se3_log_map,0.6308231949806213,1.7355637550354004,-0.8831931352615356,-0.4948650896549225,315.239013671875,162.99598693847656,28.560150146484375
-0.8741880059242249,-0.096266970038414,1.916567087173462,253.78526306152344,-45.70167541503906,184.66778564453125,0.6886106729507446,90.81156158447266,73.84247589111328,117.0446548461914,73.94245147705078,0.139537423994625,3,se3_log_map,0.6320643424987793,1.7344858646392822,-0.8830876350402832,-0.49370598793029785,315.457275390625,162.81033325195312,28.369997024536133
-0.8735329508781433,-0.09769513458013535,1.9159170389175415,253.90866088867188,-45.525901794433594,184.39230346679688,0.6869057416915894,91.42904663085938,73.7392807006836,117.45957946777344,73.84073638916016,0.1386673290107865,3,se3_log_map,0.6310791969299316,1.7334915399551392,-0.8830147385597229,-0.49218401312828064,315.44757080078125,162.39517211914062,28.10892677307129
-0.8738561272621155,-0.0980205088853836,1.9168766736984253,253.6531982421875,-45.74208068847656,184.7934112548828,0.6881874799728394,91.31474304199219,73.81404113769531,117.41761016845703,73.91509246826172,0.13999916799366474,3,se3_log_map,0.6295981407165527,1.7340984344482422,-0.8838503956794739,-0.4917446970939636,315.5021667480469,162.53890991210938,28.53944969177246
-0.874731719493866,-0.0978655070066452,1.9182404279708862,253.35769653320312,-46.107421875,185.43157958984375,0.6879556179046631,90.84058380126953,74.03544616699219,117.1889877319336,74.1353530883789,0.1391736950026825,3,se3_log_map,0.6293759942054749,1.7350867986679077,-0.8850831985473633,-0.49196821451187134,315.66644287109375,162.9043426513672,29.157869338989258
-0.8758150339126587,-0.09770505875349045,1.9190378189086914,253.4456024169922,-46.354400634765625,185.8865966796875,0.6858713030815125,90.29588317871094,74.42237091064453,117.01297760009766,74.52139282226562,0.1404692950018216,3,se3_log_map,0.6330655813217163,1.735486388206482,-0.8862851858139038,-0.4925404489040375,316.05938720703125,163.2308807373047,29.377696990966797
-0.8762558102607727,-0.09773081541061401,1.9191612005233765,253.5615234375,-46.52989959716797,186.13357543945312,0.6843312382698059,90.10098266601562,74.70338439941406,117.04180145263672,74.80230712890625,0.14024686501943506,3,se3_log_map,0.6351458430290222,1.7354252338409424,-0.8867461085319519,-0.4927620589733124,316.34381103515625,163.35540771484375,29.544767379760742
-0.8753277063369751,-0.09846775978803635,1.9182803630828857,253.5587921142578,-46.492774963378906,185.7115478515625,0.6876331567764282,90.70246124267578,74.48688507080078,117.36793518066406,74.58708953857422,0.13864963100058958,3,se3_log_map,0.628587007522583,1.734632968902588,-0.8859625458717346,-0.4917873740196228,316.15924072265625,162.81353759765625,29.44733238220215
-0.8746104836463928,-0.09891030192375183,1.9170963764190674,253.78460693359375,-46.45954132080078,185.33035278320312,0.6885000467300415,91.16011047363281,74.46987915039062,117.71121215820312,74.57139587402344,0.1394647260021884,3,se3_log_map,0.630038857460022,1.7336206436157227,-0.8850969076156616,-0.4913361668586731,316.1805114746094,162.3907928466797,29.262086868286133
-0.8742228150367737,-0.09923409670591354,1.9157099723815918,254.1566619873047,-46.358558654785156,184.8672332763672,0.6868410110473633,91.45751190185547,74.5030288696289,117.96260833740234,74.60565185546875,0.13870373900863342,3,se3_log_map,0.6324261426925659,1.7323572635650635,-0.8843892812728882,-0.49128684401512146,316.2784729003906,161.990234375,28.860069274902344
-0.8744596242904663,-0.09753579646348953,1.9145416021347046,254.4820098876953,-46.65772247314453,185.32040405273438,0.6885235905647278,91.04350280761719,75.09207916259766,118.0158462524414,75.19454956054688,0.1389168749738019,3,se3_log_map,0.6309152841567993,1.7319754362106323,-0.8832404613494873,-0.493446946144104,316.7281799316406,162.5418243408203,29.34686851501465
-0.8747797608375549,-0.09552804380655289,1.9144606590270996,254.34947204589844,-47.179771423339844,186.04405212402344,0.6836386919021606,90.48674774169922,75.54875946044922,117.87903594970703,75.65021514892578,0.13759311501053162,3,se3_log_map,0.6334733963012695,1.7326897382736206,-0.8824157118797302,-0.49555137753486633,316.95916748046875,163.20651245117188,30.328678131103516
-0.8740056157112122,-0.09457981586456299,1.9137020111083984,254.08824157714844,-47.486419677734375,186.17098999023438,0.6809315085411072,90.6756820678711,75.54009246826172,118.0185775756836,75.64183807373047,0.13961011098581366,3,se3_log_map,0.6289476156234741,1.7327090501785278,-0.8809105753898621,-0.496194988489151,316.77850341796875,163.218017578125,31.01474380493164
-0.8726426362991333,-0.09475114196538925,1.9116458892822266,254.33840942382812,-47.33665466308594,185.4727783203125,0.6862896680831909,91.42637634277344,75.34394836425781,118.47148132324219,75.44761657714844,0.13857768999878317,3,se3_log_map,0.6316773295402527,1.7312588691711426,-0.8789791464805603,-0.4958800673484802,316.598876953125,162.60972595214844,30.698453903198242
-0.8714642524719238,-0.09594164788722992,1.9086053371429443,255.1013641357422,-46.85363006591797,184.28060913085938,0.6857728958129883,92.36741638183594,75.19058990478516,119.10232543945312,75.2969741821289,0.1395045449899044,3,se3_log_map,0.6313604712486267,1.7283869981765747,-0.8773933053016663,-0.49509769678115845,316.6228942871094,161.64947509765625,29.551074981689453
-0.8715571165084839,-0.09619982540607452,1.9070239067077637,255.71484375,-46.69463348388672,183.809326171875,0.6814376711845398,92.47821807861328,75.39838409423828,119.31947326660156,75.50562286376953,0.13920612400397658,3,se3_log_map,0.6270238757133484,1.7267996072769165,-0.8770113587379456,-0.4954931139945984,316.9260559082031,161.3399658203125,28.914701461791992
-0.8726598620414734,-0.09508451819419861,1.9074801206588745,255.870361328125,-47.03276824951172,184.17938232421875,0.684274435043335,91.7337875366211,75.82825469970703,119.01685333251953,75.93428802490234,0.1393958890112117,3,se3_log_map,0.631500244140625,1.7273164987564087,-0.8775755167007446,-0.49709203839302063,317.3152160644531,161.7110595703125,29.170440673828125
-0.8735339641571045,-0.09335462003946304,1.9090521335601807,255.35638427734375,-47.65754699707031,184.87379455566406,0.6879388689994812,90.89950561523438,76.00330352783203,118.48722076416016,76.10722351074219,0.2139374070102349,3,se3_log_map,0.6302973628044128,1.7292059659957886,-0.878030002117157,-0.498704195022583,317.3084411621094,162.2198944091797,30.17124366760254
-0.8735719919204712,-0.09208249300718307,1.9100688695907593,254.64329528808594,-48.18138122558594,185.21157836914062,0.684948205947876,90.57067108154297,75.83220672607422,118.12522888183594,75.93476104736328,0.13928593098535202,3,se3_log_map,0.6279844641685486,1.7306874990463257,-0.8777655959129333,-0.4995396137237549,316.93585205078125,162.3308868408203,31.126718521118164
-0.8738870024681091,-0.09137167781591415,1.9106565713882446,254.3182373046875,-48.52381134033203,185.352294921875,0.6815539598464966,90.25602722167969,75.7984390258789,117.86243438720703,75.90006256103516,0.1480295399960596,3,se3_log_map,0.6306685209274292,1.7314265966415405,-0.8778916001319885,-0.5001944899559021,316.807861328125,162.33392333984375,31.584030151367188
-0.8746280670166016,-0.09132546186447144,1.910712480545044,254.62925720214844,-48.63079833984375,185.1761474609375,0.6839864253997803,89.91051483154297,76.00605010986328,117.73198699951172,76.10730743408203,0.1385050590033643,3,se3_log_map,0.6291331052780151,1.73123037815094,-0.8785587549209595,-0.5007081031799316,317.094482421875,162.17092895507812,31.274147033691406
-0.8753159642219543,-0.09153702110052109,1.910379409790039,255.2017059326172,-48.62939453125,184.83877563476562,0.6873211860656738,89.66260528564453,76.29669189453125,117.73091125488281,76.39800262451172,0.1385585340030957,3,se3_log_map,0.629542350769043,1.730583906173706,-0.8791672587394714,-0.501088559627533,317.5213928222656,161.9123992919922,30.670366287231445
-0.875626802444458,-0.0923118144273758,1.9101077318191528,255.5550537109375,-48.59156036376953,184.36383056640625,0.6883584260940552,89.6921157836914,76.34445190429688,117.78433990478516,76.4461441040039,0.13903196100727655,3,se3_log_map,0.6313050389289856,1.7298762798309326,-0.8797634840011597,-0.50067538022995,317.7066955566406,161.40953063964844,30.09892463684082
-0.8757243156433105,-0.09288967400789261,1.9104135036468506,255.47650146484375,-48.69805908203125,184.01419067382812,0.6879372596740723,89.74503326416016,76.17799377441406,117.71685791015625,76.27964782714844,0.19739242101786658,3,se3_log_map,0.626903235912323,1.729858636856079,-0.8802830576896667,-0.5000939965248108,317.59625244140625,160.9056854248047,29.938749313354492
-0.876101553440094,-0.09287256002426147,1.9117132425308228,254.9598388671875,-49.018585205078125,184.0861358642578,0.6885741353034973,89.49783325195312,75.95218658447266,117.38227081298828,76.05276489257812,0.13854480799636804,3,se3_log_map,0.6322956681251526,1.7309097051620483,-0.8811174631118774,-0.4998881220817566,317.32452392578125,160.7185821533203,30.34096908569336
-0.878211498260498,-0.09196124225854874,1.9146554470062256,254.50210571289062,-49.69770812988281,185.05703735351562,0.6852724552154541,88.21479034423828,76.34028625488281,116.66056823730469,76.43790435791016,0.13919989598798566,3,se3_log_map,0.629589855670929,1.7332241535186768,-0.8836743831634521,-0.5010595917701721,317.6279602050781,161.3550567626953,31.201736450195312
-0.8794134259223938,-0.0920945480465889,1.9159969091415405,254.43959045410156,-49.93516540527344,185.20265197753906,0.6842539310455322,87.63919830322266,76.46757507324219,116.30958557128906,76.56393432617188,0.14020742400316522,3,se3_log_map,0.6336854696273804,1.7339431047439575,-0.8853561878204346,-0.5012413263320923,317.8059387207031,161.34764099121094,31.211214065551758
-0.8792495131492615,-0.09326602518558502,1.9155561923980713,254.6772003173828,-49.728675842285156,184.40151977539062,0.6891404390335083,87.97269439697266,76.19776916503906,116.3842544555664,76.2948989868164,0.1396512640058063,3,se3_log_map,0.6309654712677002,1.7330743074417114,-0.8856676816940308,-0.5002063512802124,317.7010498046875,160.5580291748047,30.426746368408203
-0.8788335919380188,-0.09504004567861557,1.9140914678573608,255.18118286132812,-49.257476806640625,183.2030029296875,0.6817812919616699,88.59676361083984,75.85171508789062,116.63134002685547,75.95036315917969,0.13877773200511,3,se3_log_map,0.6305590867996216,1.731095314025879,-0.885680079460144,-0.49882039427757263,317.58892822265625,159.48977661132812,29.140472412109375
-0.8798953890800476,-0.09531974047422409,1.914222240447998,255.5084228515625,-49.233673095703125,182.99746704101562,0.6784496307373047,88.17733001708984,76.00911712646484,116.4157485961914,76.10718536376953,0.13818429500679485,3,se3_log_map,0.6351460218429565,1.7306989431381226,-0.8868422508239746,-0.49921560287475586,317.8602294921875,159.34423828125,28.62825584411621
-0.8811332583427429,-0.09419675916433334,1.9157456159591675,255.1698455810547,-49.565765380859375,183.45208740234375,0.6841643452644348,87.31748962402344,76.091064453125,115.81966400146484,76.18704223632812,0.13836675399215892,3,se3_log_map,0.6364102363586426,1.7321362495422363,-0.8879488706588745,-0.5005179047584534,317.8675842285156,159.76095581054688,29.071186065673828
-0.8819292783737183,-0.09239348024129868,1.9179871082305908,254.10580444335938,-50.074920654296875,184.14181518554688,0.6888085007667542,86.48776245117188,75.80608367919922,115.00736999511719,75.89925384521484,0.13843709402135573,3,se3_log_map,0.6327827572822571,1.7346937656402588,-0.8885721564292908,-0.5018969178199768,317.33575439453125,160.3079376220703,30.214357376098633
-0.8829419016838074,-0.09038809686899185,1.9199708700180054,253.26724243164062,-50.61692810058594,185.01699829101562,0.679178774356842,85.54389953613281,75.81412506103516,114.30459594726562,75.90450286865234,0.13893558000563644,3,se3_log_map,0.6374969482421875,1.7370288372039795,-0.8891878128051758,-0.5037021040916443,317.0798034667969,161.07093811035156,31.382614135742188
-0.8830819725990295,-0.08965658396482468,1.9204248189926147,253.03587341308594,-50.741180419921875,185.14752197265625,0.6757802963256836,85.31554412841797,75.7580337524414,114.09654235839844,75.84764099121094,0.13882452200050466,3,se3_log_map,0.6418867111206055,1.7377201318740845,-0.8890998959541321,-0.5043085813522339,316.94049072265625,161.22689819335938,31.645334243774414
-0.8820663094520569,-0.09020096063613892,1.9194408655166626,253.21783447265625,-50.437713623046875,184.37994384765625,0.6827930212020874,85.91925048828125,75.40609741210938,114.31621551513672,75.49697875976562,0.13836082798661664,3,se3_log_map,0.6373078227043152,1.7369534969329834,-0.888085126876831,-0.5034931302070618,316.6732177734375,160.61094665527344,31.031028747558594
-0.8818506002426147,-0.09082012623548508,1.9184376001358032,253.9559326171875,-50.110443115234375,183.77316284179688,0.6886459589004517,86.1811294555664,75.54662322998047,114.60575866699219,75.63871765136719,0.13688884099246934,3,se3_log_map,0.6337370276451111,1.7358427047729492,-0.8878306746482849,-0.5031421780586243,316.9945983886719,160.2357635498047,30.085872650146484
-0.8817668557167053,-0.09130377322435379,1.9173563718795776,254.77078247070312,-49.79066467285156,183.29124450683594,0.6872692108154297,86.36244201660156,75.81669616699219,114.92015838623047,75.90994262695312,0.21419368300121278,3,se3_log_map,0.6333041787147522,1.7346744537353516,-0.8875935673713684,-0.503032922744751,317.4293518066406,160.00807189941406,29.17848014831543
-0.881210207939148,-0.0913822278380394,1.9163978099822998,255.0840301513672,-49.552528381347656,182.9401397705078,0.6858739256858826,86.67044067382812,75.80009460449219,115.140869140625,75.89419555664062,0.13853560498682782,3,se3_log_map,0.635168194770813,1.7339729070663452,-0.8867575526237488,-0.5029429197311401,317.4510498046875,159.84693908691406,28.7598876953125
-0.8805280327796936,-0.090779148042202,1.9163975715637207,254.77011108398438,-49.60179138183594,182.94171142578125,0.6875630617141724,86.85431671142578,75.57933807373047,115.13430786132812,75.67343139648438,0.14028793800389394,3,se3_log_map,0.631243109703064,1.7344940900802612,-0.8858141303062439,-0.5030526518821716,317.1253967285156,159.86849975585938,29.087236404418945
-0.879628598690033,-0.09029514342546463,1.9161405563354492,254.3281707763672,-49.593963623046875,182.81170654296875,0.6872599124908447,87.17351531982422,75.17738342285156,115.11238861083984,75.2716293334961,0.13814827101305127,3,se3_log_map,0.6310520172119141,1.7348071336746216,-0.8846372365951538,-0.5030017495155334,316.6054992675781,159.76248168945312,29.40188217163086
-0.879608690738678,-0.08953860402107239,1.9161157608032227,254.14068603515625,-49.615089416503906,182.96417236328125,0.6882778406143188,87.03345489501953,75.1070556640625,114.96039581298828,75.2008056640625,0.14058300398755819,3,se3_log_map,0.632746160030365,1.735133409500122,-0.88420170545578,-0.5037000179290771,316.452880859375,160.00814819335938,29.640350341796875
-0.8803504705429077,-0.08877528458833694,1.9161620140075684,254.25213623046875,-49.617828369140625,183.2626953125,0.6890798211097717,86.54617309570312,75.32259368896484,114.73331451416016,75.41548919677734,0.13809916700120084,3,se3_log_map,0.6286425590515137,1.7352498769760132,-0.8844813704490662,-0.5048819184303284,316.6470031738281,160.46339416503906,29.677701950073242
-0.8807049989700317,-0.08880143612623215,1.9154061079025269,254.47879028320312,-49.417701721191406,183.21041870117188,0.6890696287155151,86.42753601074219,75.38257598876953,114.68326568603516,75.47541809082031,0.13734007900347933,3,se3_log_map,0.6324825286865234,1.7344231605529785,-0.8845223188400269,-0.5053666234016418,316.7499694824219,160.58201599121094,29.371843338012695
-0.8806092143058777,-0.08909447491168976,1.9147319793701172,254.4662322998047,-49.234107971191406,182.9988555908203,0.68827223777771,86.56207275390625,75.19725036621094,114.66307067871094,75.29031372070312,0.13995189798879437,3,se3_log_map,0.6305428147315979,1.7337143421173096,-0.8843305706977844,-0.5052766799926758,316.5859375,160.45071411132812,29.156675338745117
-0.8807278275489807,-0.08878450095653534,1.9151990413665771,254.052734375,-49.315399169921875,183.15045166015625,0.6895583271980286,86.42414093017578,74.97933959960938,114.41605377197266,75.07168579101562,0.13874426699476317,3,se3_log_map,0.6286185383796692,1.7342345714569092,-0.8844529986381531,-0.505472719669342,316.29608154296875,160.55235290527344,29.485170364379883
-0.8804656267166138,-0.08893969655036926,1.9150787591934204,253.73936462402344,-49.26536560058594,182.99917602539062,0.6890358924865723,86.57886505126953,74.6485366821289,114.31668090820312,74.74079895019531,0.13794211597996764,3,se3_log_map,0.6326351165771484,1.734151005744934,-0.8842520117759705,-0.5051992535591125,315.93365478515625,160.37374877929688,29.55574607849121
-0.8804080486297607,-0.08918549865484238,1.9145221710205078,253.66847229003906,-49.141273498535156,182.8023681640625,0.6885648965835571,86.68130493164062,74.45130157470703,114.26567840576172,74.54365539550781,0.13787788100307807,3,se3_log_map,0.6332775950431824,1.7335559129714966,-0.8841155171394348,-0.5051354169845581,315.7470703125,160.21890258789062,29.414085388183594
-0.8814740777015686,-0.0888369232416153,1.914724588394165,253.7239532470703,-49.192108154296875,183.1865997314453,0.6893929243087769,86.12222290039062,74.68350219726562,113.99413299560547,74.77487182617188,0.21024905002559535,3,se3_log_map,0.6296905279159546,1.7335090637207031,-0.8849731087684631,-0.5060898661613464,315.9808044433594,160.6455841064453,29.50261116027832
-0.8821403384208679,-0.0888604074716568,1.914461374282837,253.83567810058594,-49.13847351074219,183.2748565673828,0.688802182674408,85.84072875976562,74.783203125,113.84708404541016,74.87413024902344,0.13925577900954522,3,se3_log_map,0.6337625980377197,1.7330175638198853,-0.8854871392250061,-0.5066040754318237,316.1121520996094,160.79296875,29.37679100036621
-0.8820566534996033,-0.08908551931381226,1.9141472578048706,253.58749389648438,-49.09949493408203,183.23703002929688,0.6895602941513062,85.9395523071289,74.5570068359375,113.77325439453125,74.64791870117188,0.13861258298857138,3,se3_log_map,0.6311506628990173,1.732661485671997,-0.885409951210022,-0.506454348564148,315.86004638671875,160.7075958251953,29.485733032226562
-0.8815523386001587,-0.08939958363771439,1.913402795791626,253.38035583496094,-49.005577087402344,183.01071166992188,0.6892803311347961,86.26854705810547,74.25527954101562,113.82490539550781,74.34661102294922,0.1389590360049624,3,se3_log_map,0.6355295181274414,1.7320278882980347,-0.8848316669464111,-0.506100594997406,315.533447265625,160.45736694335938,29.506542205810547
-0.881126344203949,-0.08975701779127121,1.9125745296478271,253.20425415039062,-48.874114990234375,182.80496215820312,0.6879777312278748,86.57696533203125,73.9691162109375,113.87274169921875,74.06084442138672,0.13923723399057053,3,se3_log_map,0.6311120986938477,1.7312703132629395,-0.8843157887458801,-0.5057888627052307,315.23114013671875,160.24972534179688,29.48773193359375
-0.8820646405220032,-0.08920877426862717,1.9128389358520508,253.20144653320312,-49.02325439453125,183.35560607910156,0.689144492149353,86.03231048583984,74.27574920654297,113.65933990478516,74.36653137207031,0.13841607701033354,3,se3_log_map,0.6337547898292542,1.7314159870147705,-0.8849725723266602,-0.5068215131759644,315.4959411621094,160.7843780517578,29.817699432373047
-0.8829684257507324,-0.0890384241938591,1.9129364490509033,253.35504150390625,-49.086814880371094,183.70712280273438,0.6876422166824341,85.58759307861328,74.57777404785156,113.52127838134766,74.66796112060547,0.2174132559739519,3,se3_log_map,0.6335123777389526,1.7312523126602173,-0.885737419128418,-0.5075417757034302,315.8137512207031,161.1422882080078,29.87542152404785
-0.8831228017807007,-0.08869659155607224,1.912947654724121,253.26779174804688,-49.20696258544922,184.01495361328125,0.6860492825508118,85.44985961914062,74.70276641845703,113.49970245361328,74.79270935058594,0.13792160199955106,3,se3_log_map,0.6362491846084595,1.7313612699508667,-0.8856972455978394,-0.5079565048217773,315.8792419433594,161.3968505859375,30.20620346069336
-0.882146418094635,-0.08909758180379868,1.9124410152435303,252.98202514648438,-49.16172790527344,183.82748413085938,0.6880336999893188,85.99642944335938,74.3796615600586,113.70013427734375,74.47039794921875,0.13829185999929905,3,se3_log_map,0.6365656852722168,1.7310757637023926,-0.8848311901092529,-0.5071235299110413,315.5084228515625,161.10716247558594,30.38450050354004
-0.881129801273346,-0.08974634855985641,1.9118229150772095,252.86959838867188,-49.05560302734375,183.527587890625,0.6877201795578003,86.61685943603516,74.11141967773438,113.99553680419922,74.20325469970703,0.13829013801296242,3,se3_log_map,0.6336085200309753,1.730591893196106,-0.8840199708938599,-0.5060744881629944,315.2406005859375,160.72915649414062,30.358070373535156
-0.8810566663742065,-0.09028856456279755,1.9112428426742554,253.20443725585938,-48.943763732910156,183.45472717285156,0.6887203454971313,86.79204559326172,74.28459930419922,114.24124145507812,74.37718200683594,0.13845406100153923,3,se3_log_map,0.6346422433853149,1.7298476696014404,-0.8840206861495972,-0.5057345628738403,315.4884033203125,160.66787719726562,30.095090866088867
-0.8815883994102478,-0.09071708470582962,1.9107165336608887,253.80003356933594,-48.859375,183.5071563720703,0.6884830594062805,86.6723861694336,74.72798919677734,114.43939208984375,74.82100677490234,0.13887809100560844,3,se3_log_map,0.6337573528289795,1.728982925415039,-0.8845283389091492,-0.5058813691139221,316.0458984375,160.77537536621094,29.704708099365234
-0.881859302520752,-0.09089478850364685,1.9106444120407104,254.00914001464844,-48.88178253173828,183.64967346191406,0.687415599822998,86.591796875,74.96228790283203,114.53158569335938,75.05545806884766,0.13852112900349312,3,se3_log_map,0.6322838068008423,1.7287383079528809,-0.8848413228988647,-0.5059224367141724,316.3148193359375,160.8877716064453,29.66852378845215
-0.8816042542457581,-0.09079184383153915,1.9113999605178833,253.54888916015625,-49.06694793701172,183.92440795898438,0.689504861831665,86.63861083984375,74.8134994506836,114.46968078613281,74.90635681152344,0.13820183702046052,3,se3_log_map,0.6333772540092468,1.7295632362365723,-0.8848496079444885,-0.5055737495422363,316.0743103027344,160.9715576171875,30.2163143157959
-0.881285548210144,-0.09076967090368271,1.9119887351989746,253.13739013671875,-49.22996520996094,184.1783905029297,0.6881301999092102,86.74163818359375,74.68640899658203,114.4647216796875,74.77914428710938,0.13795847099390812,3,se3_log_map,0.6360453367233276,1.730223298072815,-0.884778618812561,-0.5051689147949219,315.85980224609375,161.03855895996094,30.730083465576172
-0.8812729120254517,-0.09090033173561096,1.912358045578003,253.0486297607422,-49.3258056640625,184.382080078125,0.6871297359466553,86.75227355957031,74.75438690185547,114.51714324951172,74.84713745117188,0.13816287799272686,3,se3_log_map,0.6371920704841614,1.7305036783218384,-0.8849815726280212,-0.5049049854278564,315.9081115722656,161.124267578125,30.955516815185547
-0.8814616799354553,-0.09164699912071228,1.9122071266174316,253.330322265625,-49.24786376953125,184.36561584472656,0.6885596513748169,86.82769775390625,74.92591094970703,114.68627166748047,75.0191421508789,0.13797873398289084,3,se3_log_map,0.636020302772522,1.729960560798645,-0.8854969143867493,-0.5043929815292358,316.1750183105469,161.05947875976562,30.700477600097656
-0.8819693922996521,-0.09194324165582657,1.9125289916992188,253.64920043945312,-49.290557861328125,184.5704803466797,0.6880400776863098,86.64342498779297,75.28133392333984,114.77962493896484,75.3746337890625,0.13913114499882795,3,se3_log_map,0.6358417868614197,1.7299331426620483,-0.8862415552139282,-0.5043370127677917,316.6009521484375,161.21737670898438,30.589012145996094
-0.8817477226257324,-0.09237673133611679,1.9124140739440918,253.87655639648438,-49.26039123535156,184.49722290039062,0.6884942054748535,86.83751678466797,75.40885162353516,115.00978088378906,75.50279235839844,0.13816907000727952,3,se3_log_map,0.6354690790176392,1.729713797569275,-0.8862302303314209,-0.5038305521011353,316.7833251953125,161.10614013671875,30.432573318481445
-0.8808001279830933,-0.09320342540740967,1.9117498397827148,254.02134704589844,-49.1253662109375,184.06663513183594,0.6890080571174622,87.46723175048828,75.2668685913086,115.39331817626953,75.36219024658203,0.2086773019982502,3,se3_log_map,0.6359097957611084,1.7290830612182617,-0.8855608701705933,-0.5026797652244568,316.7015075683594,160.6278839111328,30.151479721069336
-0.8800247311592102,-0.09354427456855774,1.9115352630615234,253.95489501953125,-49.11161804199219,183.88265991210938,0.6880171298980713,87.89456176757812,75.12826538085938,115.6274642944336,75.224365234375,0.1393541599973105,3,se3_log_map,0.632297694683075,1.7290171384811401,-0.8849603533744812,-0.5019288063049316,316.5547180175781,160.36746215820312,30.186548233032227
-0.8794826865196228,-0.09383606165647507,1.9111192226409912,253.9595947265625,-49.01873016357422,183.64004516601562,0.6864354610443115,88.21984100341797,74.98271179199219,115.78060150146484,75.07942199707031,0.1393877680238802,3,se3_log_map,0.6356092691421509,1.7287055253982544,-0.8844665884971619,-0.5014512538909912,316.4207763671875,160.13369750976562,30.06308364868164
-0.8799917101860046,-0.09389923512935638,1.9112541675567627,254.12054443359375,-49.0008544921875,183.7188720703125,0.6873517036437988,87.99886322021484,75.13336181640625,115.71007537841797,75.22978973388672,0.13806264800950885,3,se3_log_map,0.6366686224937439,1.7286134958267212,-0.8850132822990417,-0.5016806721687317,316.61474609375,160.24427795410156,29.923051834106445
-0.8805288672447205,-0.09431259334087372,1.91092848777771,254.32789611816406,-48.829566955566406,183.61395263671875,0.68562251329422,87.86559295654297,75.16964721679688,115.63233947753906,75.26593780517578,0.13827883201884106,3,se3_log_map,0.6357626914978027,1.7279350757598877,-0.8855957984924316,-0.5017725825309753,316.73382568359375,160.23143005371094,29.539857864379883
-0.8810653686523438,-0.09410452842712402,1.9113227128982544,254.12124633789062,-48.81822967529297,183.73587036132812,0.6873878836631775,87.5611801147461,75.05766296386719,115.32828521728516,75.15306091308594,0.13819746498484164,3,se3_log_map,0.6348190307617188,1.7281910181045532,-0.8861212134361267,-0.5021765828132629,316.6042175292969,160.39044189453125,29.603328704833984
-0.8820675015449524,-0.09344680607318878,1.91252601146698,253.689453125,-48.99951934814453,184.22979736328125,0.6891505718231201,86.91046142578125,75.02592468261719,114.81427001953125,75.11962127685547,0.1394565170048736,3,se3_log_map,0.6357073187828064,1.729213833808899,-0.887140154838562,-0.5030096769332886,316.4933776855469,160.83651733398438,30.052770614624023
-0.883051335811615,-0.09265486150979996,1.9143086671829224,252.9829559326172,-49.28672790527344,184.89151000976562,0.6870260238647461,86.2120361328125,74.91625213623047,114.21453857421875,75.00785827636719,0.13829626399092376,3,se3_log_map,0.6372216939926147,1.730829119682312,-0.8882976174354553,-0.5037424564361572,316.243896484375,161.36102294921875,30.79681396484375
-0.8838176727294922,-0.09207988530397415,1.9157893657684326,252.5179443359375,-49.52239227294922,185.40371704101562,0.6806071400642395,85.67713928222656,74.9085464477539,113.8062515258789,74.99862670898438,0.13957361699431203,3,se3_log_map,0.6406736373901367,1.7321513891220093,-0.8892597556114197,-0.5042398571968079,316.13629150390625,161.76197814941406,31.330066680908203
-0.8834643363952637,-0.0923549085855484,1.9158239364624023,252.46853637695312,-49.444053649902344,185.23202514648438,0.6825834512710571,85.89022827148438,74.75555419921875,113.86625671386719,74.84593200683594,0.13821036298759282,3,se3_log_map,0.6412601470947266,1.7321873903274536,-0.8891010880470276,-0.5037387013435364,316.002197265625,161.5915985107422,31.223918914794922
-0.8828004598617554,-0.0929735079407692,1.9153118133544922,252.7077178955078,-49.24212646484375,184.8352813720703,0.6869792342185974,86.3397445678711,74.6608657836914,114.14375305175781,74.75231170654297,0.13991314699524082,3,se3_log_map,0.6401594877243042,1.731685996055603,-0.8886326551437378,-0.5029136538505554,315.9932861328125,161.25375366210938,30.80722999572754
-0.8816390037536621,-0.09412608295679092,1.9137439727783203,253.2794952392578,-48.824066162109375,184.0238037109375,0.688791036605835,87.1766586303711,74.53856658935547,114.69859313964844,74.63214111328125,0.1400283979892265,3,se3_log_map,0.6381474137306213,1.7301676273345947,-0.8875918388366699,-0.501650869846344,316.0355529785156,160.5983123779297,29.92643165588379
-0.8807806968688965,-0.09485295414924622,1.9125882387161255,253.75831604003906,-48.51441192626953,183.42684936523438,0.6850907802581787,87.77195739746094,74.50253295898438,115.12837982177734,74.59764099121094,0.13953305699396878,3,se3_log_map,0.6371122598648071,1.7291042804718018,-0.8867586255073547,-0.5008320808410645,316.1121520996094,160.14801025390625,29.249685287475586
-0.8807868361473083,-0.09476280212402344,1.9124939441680908,253.97317504882812,-48.43510437011719,183.38009643554688,0.6845291256904602,87.75552368164062,74.61264038085938,115.18714141845703,74.70787811279297,0.21130063800956123,3,se3_log_map,0.6344565153121948,1.72905695438385,-0.8866789937019348,-0.5009540915489197,316.2515869140625,160.2025604248047,29.05109405517578
-0.8811275362968445,-0.09398805350065231,1.9131814241409302,253.85812377929688,-48.521034240722656,183.67364501953125,0.6878044605255127,87.40465545654297,74.6910629272461,114.97098541259766,74.78547668457031,0.13946457800921053,3,se3_log_map,0.6343035101890564,1.729906678199768,-0.8868361711502075,-0.5016463994979858,316.2724304199219,160.56272888183594,29.27782440185547
-0.8814394474029541,-0.09307746589183807,1.9138933420181274,253.6301727294922,-48.659217834472656,183.99960327148438,0.6891340017318726,87.038818359375,74.72198486328125,114.7132568359375,74.81546783447266,0.1392167450103443,3,se3_log_map,0.6354010105133057,1.7308510541915894,-0.886904239654541,-0.502436637878418,316.214599609375,160.9279327392578,29.63313102722168
-0.8819949626922607,-0.09171407669782639,1.91539466381073,253.1407012939453,-48.988319396972656,184.65957641601562,0.6868457794189453,86.43423461914062,74.79320526123047,114.30179595947266,74.88502502441406,0.13929383200593293,3,se3_log_map,0.6362859010696411,1.7326264381408691,-0.8872570991516113,-0.5035196542739868,316.1192321777344,161.53639221191406,30.402881622314453
-0.882322371006012,-0.09060736000537872,1.9166032075881958,252.86514282226562,-49.290870666503906,185.1488037109375,0.6797971725463867,86.00465393066406,74.94607543945312,114.07766723632812,75.03675079345703,0.13888197299093008,3,se3_log_map,0.6378422975540161,1.7341035604476929,-0.8874294757843018,-0.5043216943740845,316.1445007324219,161.9735870361328,30.98263168334961
-0.8811368942260742,-0.09064162522554398,1.9160796403884888,252.8532257080078,-49.17951202392578,184.76370239257812,0.6830251812934875,86.5677719116211,74.70977783203125,114.34828186035156,74.8014907836914,0.13913518298068084,3,se3_log_map,0.6385998725891113,1.7340461015701294,-0.8861684799194336,-0.5036982893943787,315.8929138183594,161.64566040039062,30.876144409179688
-0.8797653317451477,-0.0910351350903511,1.9147968292236328,253.22683715820312,-48.899620056152344,184.1038818359375,0.6877607703208923,87.3243408203125,74.56865692138672,114.8304214477539,74.66218566894531,0.13926900998922065,3,se3_log_map,0.6339313983917236,1.7332046031951904,-0.8846378326416016,-0.5028946995735168,315.8201599121094,161.1467742919922,30.338151931762695
-0.8795011639595032,-0.09094885736703873,1.914177417755127,253.943603515625,-48.81163024902344,183.880615234375,0.6892985105514526,87.45689392089844,74.98091125488281,115.19915771484375,75.0754623413086,0.138781638990622,3,se3_log_map,0.6303587555885315,1.7327778339385986,-0.8841110467910767,-0.5030255913734436,316.32342529296875,161.0875244140625,29.845075607299805
-0.8789129257202148,-0.09122171252965927,1.912917971611023,254.73526000976562,-48.59272766113281,183.39332580566406,0.6871151924133301,87.84185791015625,75.28292083740234,115.68798828125,75.37904357910156,0.13900232201558538,3,se3_log_map,0.6306759119033813,1.731725811958313,-0.8832362294197083,-0.502841591835022,316.74053955078125,160.80224609375,29.13180923461914
-0.8780022859573364,-0.09148425608873367,1.9121776819229126,254.91091918945312,-48.43553924560547,182.9722442626953,0.6862859725952148,88.34329986572266,75.16809844970703,115.99474334716797,75.26533508300781,0.1404799220035784,3,se3_log_map,0.6293071508407593,1.7312662601470947,-0.8822662830352783,-0.502264678478241,316.6487731933594,160.4596710205078,28.837299346923828
-0.8775513768196106,-0.09116098284721375,1.912592887878418,254.64996337890625,-48.51396942138672,182.9920654296875,0.6873379945755005,88.45830535888672,75.0079116821289,115.97869873046875,75.1050796508789,0.1387678339960985,3,se3_log_map,0.6294538974761963,1.7319526672363281,-0.8818442821502686,-0.5021150708198547,316.42486572265625,160.4424591064453,29.091432571411133
-0.8777852654457092,-0.09044390171766281,1.9134855270385742,254.4197235107422,-48.71410369873047,183.28207397460938,0.6891107559204102,88.16358184814453,75.0442123413086,115.77759552001953,75.14057159423828,0.2142169470025692,3,se3_log_map,0.6318598985671997,1.7330009937286377,-0.8820146322250366,-0.5026108026504517,316.38818359375,160.69371032714844,29.466625213623047
-0.8780089020729065,-0.08980072289705276,1.914137840270996,254.2059783935547,-48.85728454589844,183.5267333984375,0.6889224648475647,87.90274810791016,75.04978942871094,115.58271026611328,75.1454086303711,0.1382423449831549,3,se3_log_map,0.6301559209823608,1.7338016033172607,-0.8821228742599487,-0.5031184554100037,316.32574462890625,160.9289093017578,29.77792739868164
-0.8781908750534058,-0.08972910046577454,1.9139947891235352,254.2629852294922,-48.81507873535156,183.51455688476562,0.6892236471176147,87.81403350830078,75.06938934326172,115.52799224853516,75.16485595703125,0.13883664697641507,3,se3_log_map,0.62918621301651,1.733638048171997,-0.8821935057640076,-0.5033571720123291,316.355224609375,160.97279357910156,29.69135284423828
-0.8781455159187317,-0.09030069410800934,1.9131616353988647,254.48512268066406,-48.587890625,183.17230224609375,0.688540518283844,87.99058532714844,74.99029541015625,115.61093139648438,75.08628845214844,0.1382207789865788,3,se3_log_map,0.6311343908309937,1.7326409816741943,-0.8821379542350769,-0.5030994415283203,316.3547058105469,160.72764587402344,29.231706619262695
-0.8783372044563293,-0.09027896821498871,1.912980079650879,254.47557067871094,-48.53752899169922,183.1588134765625,0.6884403228759766,87.90996551513672,74.95415496826172,115.52613067626953,75.04994201660156,0.13822265499038622,3,se3_log_map,0.6297004818916321,1.7324162721633911,-0.8822292685508728,-0.5033121705055237,316.3224182128906,160.75888061523438,29.17293930053711
-0.8782543540000916,-0.08991643786430359,1.91294527053833,254.21376037597656,-48.54661560058594,183.18138122558594,0.6892054677009583,87.8778305053711,74.76409912109375,115.37843322753906,74.85954284667969,0.13831007201224566,3,se3_log_map,0.6325263381004333,1.732577919960022,-0.8819445967674255,-0.5036063194274902,316.0708312988281,160.8085479736328,29.355968475341797
-0.8783604502677917,-0.08959090709686279,1.912994384765625,253.92868041992188,-48.559913635253906,183.31625366210938,0.6891599297523499,87.76374816894531,74.6071548461914,115.18985748291016,74.70204162597656,0.13939992399537005,3,se3_log_map,0.6307781934738159,1.7327308654785156,-0.8818838596343994,-0.5039604902267456,315.85186767578125,160.95513916015625,29.590486526489258
-0.8785920143127441,-0.08964494615793228,1.912842035293579,253.7918243408203,-48.49467468261719,183.3347930908203,0.6891189217567444,87.67840576171875,74.47929382324219,115.04203033447266,74.57386779785156,0.13830644698464312,3,se3_log_map,0.6310876607894897,1.732484221458435,-0.882063627243042,-0.5041188597679138,315.7166748046875,160.99859619140625,29.596126556396484
-0.8787304162979126,-0.09018290787935257,1.9122915267944336,253.81971740722656,-48.30095672607422,183.08505249023438,0.6888481378555298,87.75248718261719,74.30402374267578,114.98516082763672,74.39865112304688,0.1387578010035213,3,se3_log_map,0.6306385397911072,1.7316919565200806,-0.8822658658027649,-0.503911554813385,315.5986633300781,160.80844116210938,29.272363662719727
-0.8792219161987305,-0.09048804640769958,1.9119617938995361,253.8573760986328,-48.166351318359375,183.0207977294922,0.6882847547531128,87.61099243164062,74.24433135986328,114.83860778808594,74.33868408203125,0.1393450349860359,3,se3_log_map,0.6306346654891968,1.7310763597488403,-0.8827477097511292,-0.5040737390518188,315.58453369140625,160.80575561523438,29.044897079467773
-0.8800889849662781,-0.09032735228538513,1.9121134281158447,253.8265380859375,-48.191864013671875,183.2623291015625,0.688287079334259,87.18160247802734,74.33690643310547,114.5714111328125,74.43040466308594,0.14052178300335072,3,se3_log_map,0.632777214050293,1.7309716939926147,-0.8835049271583557,-0.5047414898872375,315.6801452636719,161.06716918945312,29.095335006713867
-0.8806149959564209,-0.09005077183246613,1.9126131534576416,253.4606475830078,-48.284271240234375,183.57101440429688,0.6892640590667725,86.86238861083984,74.23047637939453,114.259521484375,74.32298278808594,0.1382765790040139,3,se3_log_map,0.6311735510826111,1.7313584089279175,-0.8840264081954956,-0.5051642656326294,315.51239013671875,161.31712341308594,29.44424819946289
-0.8813173174858093,-0.08945325762033463,1.9136791229248047,253.0074920654297,-48.55767059326172,184.10800170898438,0.6869150996208191,86.36967468261719,74.24492645263672,113.89481353759766,74.33606719970703,0.13925703399581835,3,se3_log_map,0.6333038806915283,1.732339859008789,-0.8847556114196777,-0.5057949423789978,315.42181396484375,161.71067810058594,30.066801071166992
-0.8814011812210083,-0.08951591700315475,1.913941740989685,252.75357055664062,-48.65000915527344,184.24717712402344,0.6853629350662231,86.33036041259766,74.15535736083984,113.80662536621094,74.24623107910156,0.21237805698183365,3,se3_log_map,0.6356761455535889,1.7325189113616943,-0.8849679827690125,-0.505696713924408,315.29217529296875,161.736572265625,30.328683853149414
-0.8812601566314697,-0.09015845507383347,1.9135067462921143,252.8457794189453,-48.57977294921875,184.05514526367188,0.6878609657287598,86.54515075683594,74.10736083984375,113.93842315673828,74.19878387451172,0.13758383199456148,3,se3_log_map,0.6365419626235962,1.7318856716156006,-0.8850171566009521,-0.5051658153533936,315.30023193359375,161.48971557617188,30.14300537109375
-0.8808953762054443,-0.09098289161920547,1.9127016067504883,253.1058349609375,-48.445457458496094,183.68927001953125,0.689465343952179,86.91822052001953,74.08245849609375,114.20590209960938,74.17488098144531,0.1391405960021075,3,se3_log_map,0.6362051367759705,1.730915904045105,-0.8848183155059814,-0.5044534802436829,315.364990234375,161.10284423828125,29.76664924621582
-0.8803176879882812,-0.09243832528591156,1.9114371538162231,253.43800354003906,-48.148345947265625,183.05093383789062,0.6867935061454773,87.54338073730469,73.9231185913086,114.57953643798828,74.01702117919922,0.13885968399699777,3,se3_log_map,0.6351886987686157,1.7293213605880737,-0.8845897912979126,-0.503183126449585,315.3505554199219,160.4600830078125,29.098602294921875
-0.8801807761192322,-0.09365736693143845,1.9104721546173096,253.73284912109375,-47.89361572265625,182.5487060546875,0.6811208724975586,87.91181182861328,73.8199691772461,114.79492950439453,73.914794921875,0.13926645999890752,3,se3_log_map,0.6347557306289673,1.7279446125030518,-0.8847501873970032,-0.5023151636123657,315.3782653808594,159.9719696044922,28.483551025390625
-0.8809769749641418,-0.09353218227624893,1.9107085466384888,253.79283142089844,-47.983245849609375,182.79824829101562,0.6827983856201172,87.5183334350586,74.01481628417969,114.61959075927734,74.10897827148438,0.13768805298605002,3,se3_log_map,0.6346966624259949,1.727925181388855,-0.8854940533638,-0.5028723478317261,315.5859680175781,160.1966552734375,28.548080444335938
-0.8824006915092468,-0.09256073087453842,1.9120116233825684,253.5361785888672,-48.335426330566406,183.55844116210938,0.6873226165771484,86.60812377929688,74.3066635131836,114.11593627929688,74.39900207519531,0.20999460402526893,3,se3_log_map,0.6382228136062622,1.7290271520614624,-0.8867635130882263,-0.5042392611503601,315.7960205078125,160.85768127441406,29.155702590942383
-0.8832567930221558,-0.09150996804237366,1.9135520458221436,252.88108825683594,-48.73621368408203,184.22442626953125,0.6882595419883728,85.92403411865234,74.28239440917969,113.58174896240234,74.3728256225586,0.13929907899000682,3,se3_log_map,0.6359410881996155,1.7305867671966553,-0.887572169303894,-0.5052165389060974,315.6113586425781,161.35157775878906,30.017475128173828
-0.8836039304733276,-0.09026149660348892,1.9149037599563599,252.2196502685547,-49.15174102783203,184.82009887695312,0.6817254424095154,85.44245910644531,74.24188995361328,113.1913070678711,74.3307876586914,0.13931488399975933,3,se3_log_map,0.64182049036026,1.7322505712509155,-0.8877419233322144,-0.5061099529266357,315.3660888671875,161.78883361816406,30.949737548828125
-0.8831126093864441,-0.08961999416351318,1.9152214527130127,251.8814239501953,-49.34461212158203,184.9202880859375,0.6774797439575195,85.5167236328125,74.12279510498047,113.1693344116211,74.21148681640625,0.13882266098516993,3,se3_log_map,0.6381942629814148,1.7330085039138794,-0.8870751261711121,-0.5062646269798279,315.1228942871094,161.8130340576172,31.41425895690918
-0.8821255564689636,-0.08976511657238007,1.9143120050430298,252.0531768798828,-49.22985076904297,184.50741577148438,0.6813280582427979,86.03538513183594,74.0097885131836,113.48804473876953,74.09968566894531,0.13810104300500825,3,se3_log_map,0.6368273496627808,1.7324784994125366,-0.8859033584594727,-0.5058095455169678,315.0301208496094,161.4644317626953,31.191675186157227
-0.8814810514450073,-0.09018290042877197,1.9130990505218506,252.7047882080078,-49.03382110595703,184.06698608398438,0.6870203018188477,86.47334289550781,74.21483612060547,113.95384979248047,74.30623626708984,0.13888677401700988,3,se3_log_map,0.6356401443481445,1.7314244508743286,-0.8850714564323425,-0.5054379105567932,315.35235595703125,161.1604461669922,30.60124969482422
-0.8811550140380859,-0.09091510623693466,1.9116380214691162,253.68052673339844,-48.766143798828125,183.53704833984375,0.6890671849250793,86.84980010986328,74.60586547851562,114.49420166015625,74.6989974975586,0.13951185598853044,3,se3_log_map,0.6340535879135132,1.7298870086669922,-0.8846024870872498,-0.5050754547119141,315.9327392578125,160.812744140625,29.689311981201172
-0.8811231255531311,-0.09121719002723694,1.911031723022461,254.3431854248047,-48.68598937988281,183.35455322265625,0.6864044070243835,86.96122741699219,75.00325012207031,114.83789825439453,75.09730529785156,0.13894469500519335,3,se3_log_map,0.6358906030654907,1.7292120456695557,-0.8845008611679077,-0.5049951672554016,316.4368896484375,160.71466064453125,29.21078109741211
-0.8801465034484863,-0.09158109873533249,1.9103047847747803,254.47340393066406,-48.575714111328125,182.90370178222656,0.685135006904602,87.51476287841797,74.8602066040039,115.16459655761719,74.95541381835938,0.14021889099967666,3,se3_log_map,0.6315954923629761,1.7287436723709106,-0.8835314512252808,-0.5042758584022522,316.31494140625,160.2857666015625,28.965091705322266
-0.8792392611503601,-0.09147381037473679,1.9102842807769775,254.19618225097656,-48.61029052734375,182.73272705078125,0.6851766109466553,87.89942169189453,74.58653259277344,115.27991485595703,74.68220520019531,0.14030303701292723,3,se3_log_map,0.6306698322296143,1.7291029691696167,-0.8826448917388916,-0.5037815570831299,315.9748229980469,160.06130981445312,29.171594619750977
-0.8787131309509277,-0.09132441133260727,1.910487174987793,253.870361328125,-48.63256072998047,182.64024353027344,0.6843334436416626,88.09227752685547,74.30333709716797,115.2442398071289,74.3990249633789,0.13922621798701584,3,se3_log_map,0.6311542391777039,1.7295458316802979,-0.8821669220924377,-0.5034976005554199,315.63153076171875,159.93589782714844,29.365663528442383
-0.8791319131851196,-0.09101945161819458,1.9110372066497803,253.74342346191406,-48.66217803955078,182.770751953125,0.6858116984367371,87.81098937988281,74.27420806884766,115.01055145263672,74.369140625,0.1383274529944174,3,se3_log_map,0.6314137578010559,1.7300304174423218,-0.8825944662094116,-0.5038577318191528,315.5869445800781,160.09866333007812,29.433773040771484
-0.8805707097053528,-0.09041906893253326,1.9121923446655273,253.83456420898438,-48.79346466064453,183.18301391601562,0.6888599991798401,86.97952270507812,74.58329772949219,114.57794189453125,74.67668914794922,0.14030397098395042,3,se3_log_map,0.6322082281112671,1.7308266162872314,-0.8840214014053345,-0.5049466490745544,315.91802978515625,160.57089233398438,29.450176239013672
-0.8814504742622375,-0.08996067196130753,1.912859320640564,253.80978393554688,-48.823646545410156,183.387451171875,0.6889839172363281,86.45606994628906,74.66685485839844,114.23567962646484,74.75912475585938,0.17535520598175935,3,se3_log_map,0.6321114301681519,1.7313185930252075,-0.8848303556442261,-0.5057108402252197,316.00433349609375,160.8597869873047,29.434452056884766
-0.8820704221725464,-0.0893951877951622,1.913859486579895,253.4663848876953,-48.931800842285156,183.69345092773438,0.6881186962127686,86.01030731201172,74.58567810058594,113.84549713134766,74.67667388916016,0.13922955398447812,3,se3_log_map,0.6324514746665955,1.732255458831787,-0.8854771256446838,-0.5062808990478516,315.86224365234375,161.16375732421875,29.729047775268555
-0.8818588256835938,-0.08922512084245682,1.9141855239868164,253.10183715820312,-48.913726806640625,183.6243896484375,0.6885209679603577,86.05411529541016,74.2664566040039,113.66976928710938,74.35708618164062,0.13906227599363774,3,se3_log_map,0.6352162957191467,1.732704997062683,-0.8853209018707275,-0.5061801671981812,315.4902038574219,161.10073852539062,29.865835189819336
-0.8814114332199097,-0.08920251578092575,1.9142858982086182,252.80728149414062,-48.8582763671875,183.42623901367188,0.6883668899536133,86.24542236328125,73.92705535888672,113.59349822998047,74.01763916015625,0.13817596799344756,3,se3_log_map,0.6324433088302612,1.7329689264297485,-0.8849424123764038,-0.5058689117431641,315.1141357421875,160.9156951904297,29.90420913696289
-0.8814833164215088,-0.08935434371232986,1.9143023490905762,252.8267059326172,-48.77642059326172,183.3534393310547,0.6883687973022461,86.2423324584961,73.87191009521484,113.55526733398438,73.96244049072266,0.1374454790202435,3,se3_log_map,0.6330913305282593,1.732889175415039,-0.8850958347320557,-0.5057696104049683,315.08551025390625,160.8838348388672,29.76204490661621
-0.8819684386253357,-0.08950335532426834,1.914341926574707,253.08432006835938,-48.711204528808594,183.39694213867188,0.6892930865287781,86.05201721191406,74.05909729003906,113.5328140258789,74.14952087402344,0.13807324098888785,3,se3_log_map,0.6335263252258301,1.732681393623352,-0.8856314420700073,-0.5059374570846558,315.33734130859375,160.98892211914062,29.519458770751953
-0.882592499256134,-0.08947213739156723,1.9145252704620361,253.40951538085938,-48.7236328125,183.5609893798828,0.6881732940673828,85.75605773925781,74.38761901855469,113.52365112304688,74.47782135009766,0.21281269498285837,3,se3_log_map,0.6357030272483826,1.7326338291168213,-0.8862519264221191,-0.5063121318817139,315.7228088378906,161.19728088378906,29.35436248779297
-0.8820154666900635,-0.09007209539413452,1.9139645099639893,253.4799346923828,-48.54893493652344,183.1990966796875,0.688633382320404,86.16463470458984,74.20328521728516,113.71223449707031,74.29430389404297,0.13812299398705363,3,se3_log_map,0.6333557367324829,1.7320647239685059,-0.8858335614204407,-0.5055786967277527,315.5863037109375,160.85887145996094,29.062490463256836
-0.8810263872146606,-0.09059292823076248,1.9134234189987183,253.2803497314453,-48.38087463378906,182.8123779296875,0.6878888010978699,86.74141693115234,73.80342102050781,113.89037322998047,73.89527130126953,0.1389296890120022,3,se3_log_map,0.6329624056816101,1.731698989868164,-0.8850074410438538,-0.5046387910842896,315.1795349121094,160.46267700195312,28.96494483947754
-0.8804523944854736,-0.0908968448638916,1.913156509399414,253.1110076904297,-48.24859619140625,182.55496215820312,0.6864854693412781,87.07402801513672,73.49998474121094,113.94794464111328,73.59219360351562,0.13855908199911937,3,se3_log_map,0.6329239010810852,1.731528401374817,-0.8845477104187012,-0.5040745139122009,314.8708190917969,160.22177124023438,28.88102912902832
-0.8806830048561096,-0.09088451415300369,1.9132795333862305,253.11033630371094,-48.18115997314453,182.5322265625,0.686818540096283,86.96160125732422,73.45870971679688,113.83541870117188,73.55067443847656,0.13824415300041437,3,se3_log_map,0.6342124938964844,1.7315618991851807,-0.8847976922988892,-0.5041937828063965,314.8465576171875,160.26116943359375,28.763551712036133
-0.8814185857772827,-0.09067267924547195,1.9136614799499512,253.18881225585938,-48.15179443359375,182.68783569335938,0.6877415776252747,86.5689926147461,73.57347106933594,113.61006164550781,73.66468048095703,0.13865075501962565,3,se3_log_map,0.6335965394973755,1.731736183166504,-0.8854986429214478,-0.504737377166748,314.9871826171875,160.50369262695312,28.65592384338379
-0.882515013217926,-0.09022848308086395,1.9143991470336914,253.22158813476562,-48.21031951904297,183.02532958984375,0.6879487633705139,85.94937896728516,73.77230834960938,113.2680435180664,73.8623275756836,0.13864863201160915,3,se3_log_map,0.6334366798400879,1.732205867767334,-0.8865401148796082,-0.5056052207946777,315.1957092285156,160.90521240234375,28.680932998657227
-0.883311927318573,-0.08956721425056458,1.915444016456604,252.92227172851562,-48.351593017578125,183.44781494140625,0.6882619261741638,85.40557098388672,73.79109191894531,112.86822509765625,73.8797607421875,0.13940021800226532,3,se3_log_map,0.6368498802185059,1.7331619262695312,-0.8873143196105957,-0.5063639879226685,315.151123046875,161.32130432128906,29.02718162536621
-0.8833390474319458,-0.0890030637383461,1.9162133932113647,252.44754028320312,-48.48322296142578,183.67196655273438,0.6873335838317871,85.24253845214844,73.58623504638672,112.61094665527344,73.6740493774414,0.13737285800743848,3,se3_log_map,0.6344867944717407,1.734104037284851,-0.8873360753059387,-0.5066247582435608,314.8419189453125,161.49465942382812,29.469829559326172
-0.8829242587089539,-0.08885864168405533,1.9166231155395508,252.03109741210938,-48.513526916503906,183.68600463867188,0.5911718606948853,85.3809814453125,73.2878189086914,112.52117919921875,73.37544250488281,0.0,3,se3_log_map,0.6378735303878784,0.0,0.0,0.0,0.0,0.0,0.0
