alpha,beta,gamma,bx,by,bz,ncc,geo_r,geo_t,geo_d,geo_se3,time,idx,parameterization,ssim
-0.517292857170105,0.10114914178848267,1.8808907270431519,152.80738830566406,145.11856079101562,126.05281066894531,0.7678329944610596,978.0409545898438,245.5581512451172,1008.396240234375,284.63934326171875,0.1565688531845808,72,se3_log_map,0.8128863573074341
-0.5169827938079834,0.11490549147129059,1.862184762954712,163.78065490722656,144.76708984375,115.04042053222656,0.7786957025527954,971.09375,247.0139923095703,1002.0174560546875,284.19293212890625,0.17501974804326892,72,se3_log_map,0.8103735446929932
-0.5195907950401306,0.10912732779979706,1.872973918914795,163.40667724609375,138.40298461914062,114.28314208984375,0.7954022884368896,975.6887817382812,242.7298126220703,1005.428466796875,279.286865234375,0.17580298613756895,72,se3_log_map,0.8161306381225586
-0.5261779427528381,0.10928168892860413,1.8836536407470703,166.24758911132812,134.95730590820312,119.03237915039062,0.7964097857475281,981.5484619140625,244.99070739746094,1011.660888671875,282.2879333496094,0.25239624409005046,72,se3_log_map,0.8181546926498413
-0.5289332866668701,0.10744272172451019,1.8877623081207275,170.964599609375,132.56773376464844,119.41584014892578,0.8021001219749451,983.5518798828125,247.10977172851562,1014.1190795898438,284.36248779296875,0.17282871482893825,72,se3_log_map,0.8179984092712402
-0.5311081409454346,0.10602590441703796,1.889748454093933,176.885986328125,131.5206298828125,119.6884765625,0.8104376792907715,984.5415649414062,250.8219757080078,1015.9890747070312,288.1271057128906,0.1736156609840691,72,se3_log_map,0.820073127746582
-0.5363460779190063,0.10687588900327682,1.8914874792099,182.49497985839844,129.0699005126953,117.99508666992188,0.8128587007522583,986.1040649414062,252.75738525390625,1017.9821166992188,289.7439880371094,0.17394064227119088,72,se3_log_map,0.814934253692627
-0.5446152687072754,0.10993318259716034,1.897002935409546,185.5714111328125,124.62686157226562,116.58995056152344,0.8212916851043701,990.14453125,252.1147003173828,1021.7377319335938,288.7699890136719,0.1760084698908031,72,se3_log_map,0.8219596147537231
-0.5540493130683899,0.11435998231172562,1.9040277004241943,188.8067626953125,120.52200317382812,117.37168884277344,0.8254399299621582,995.2596435546875,252.88270568847656,1026.88427734375,289.687255859375,0.25074979243800044,72,se3_log_map,0.8280121684074402
-0.5640755295753479,0.1195058599114418,1.9097603559494019,193.02310180664062,117.02822875976562,118.05767822265625,0.827776312828064,999.9728393554688,254.7373809814453,1031.9093017578125,291.7743835449219,0.17831367580220103,72,se3_log_map,0.8282290697097778
-0.573999285697937,0.12425284087657928,1.9156651496887207,197.11688232421875,113.64574432373047,118.75794982910156,0.8282614946365356,1004.7216186523438,256.6590576171875,1036.9857177734375,293.9595642089844,0.18057368695735931,72,se3_log_map,0.8286002278327942
-0.5830738544464111,0.12867438793182373,1.92142915725708,200.338134765625,109.74301147460938,118.15065002441406,0.8299930095672607,1009.271484375,257.17401123046875,1041.5216064453125,294.4209289550781,0.1807913901284337,72,se3_log_map,0.8276331424713135
-0.5902521014213562,0.13081134855747223,1.9267956018447876,202.48939514160156,105.94210815429688,116.58876037597656,0.8333032727241516,1013.0443725585938,256.5514221191406,1045.025146484375,293.4788513183594,0.1805071639828384,72,se3_log_map,0.8346261382102966
-0.5966567993164062,0.13185076415538788,1.9308220148086548,205.36375427246094,102.74259948730469,114.77555847167969,0.8360756635665894,1015.919189453125,256.7172546386719,1047.852783203125,293.2855529785156,0.1840176908299327,72,se3_log_map,0.837008535861969
-0.6028177738189697,0.1322920173406601,1.9335246086120605,208.83314514160156,99.9661865234375,112.77542114257812,0.8390660285949707,1018.0497436523438,257.53216552734375,1050.1180419921875,293.7137756347656,0.18405818194150925,72,se3_log_map,0.8372166156768799
-0.6089502573013306,0.1320897489786148,1.9367636442184448,211.93804931640625,97.05730438232422,110.95964813232422,0.8413238525390625,1020.3238525390625,258.1664123535156,1052.478271484375,293.970947265625,0.18306694785133004,72,se3_log_map,0.837379515171051
-0.615215003490448,0.13206715881824493,1.9403055906295776,214.26695251464844,93.85340881347656,109.0018310546875,0.8447777032852173,1022.7877197265625,258.07012939453125,1054.8436279296875,293.43414306640625,0.188604770693928,72,se3_log_map,0.8386445641517639
-0.6217881441116333,0.13269458711147308,1.943218469619751,215.991455078125,90.49138641357422,106.58050537109375,0.8498830795288086,1025.1094970703125,257.29437255859375,1056.90576171875,292.10589599609375,0.1840161457657814,72,se3_log_map,0.83915776014328
-0.6293097138404846,0.13495472073554993,1.9448193311691284,217.19190979003906,87.02278137207031,103.36122131347656,0.8556588888168335,1027.228759765625,255.7906036376953,1058.5970458984375,289.90753173828125,0.18803777918219566,72,se3_log_map,0.8375762104988098
-0.6371434330940247,0.13814403116703033,1.9451351165771484,218.3527069091797,83.72314453125,99.82146453857422,0.8563557863235474,1028.966552734375,254.26718139648438,1059.9168701171875,287.64404296875,0.19131260318681598,72,se3_log_map,0.8385822772979736
-0.6456655859947205,0.14139100909233093,1.9457247257232666,219.63279724121094,80.47099304199219,97.1562728881836,0.8552560806274414,1030.9549560546875,253.28538513183594,1061.61279296875,286.1131896972656,0.19408470019698143,72,se3_log_map,0.8394503593444824
-0.6552783846855164,0.14516223967075348,1.9475343227386475,220.57278442382812,76.88180541992188,95.64403533935547,0.8572194576263428,1033.772216796875,252.4102783203125,1064.1409912109375,284.91461181640625,0.19356688996776938,72,se3_log_map,0.8410195112228394
-0.6656395196914673,0.14942681789398193,1.9501869678497314,221.4310760498047,73.09736633300781,95.01646423339844,0.8599755764007568,1037.1976318359375,251.7996826171875,1067.32470703125,284.1670837402344,0.19819985702633858,72,se3_log_map,0.8437268137931824
-0.6763258576393127,0.15377052128314972,1.9521186351776123,222.5517578125,69.43880462646484,94.49569702148438,0.8618884086608887,1040.3814697265625,251.55609130859375,1070.3616943359375,283.82977294921875,0.2003042702563107,72,se3_log_map,0.8442624807357788
-0.6873341202735901,0.15821737051010132,1.9532657861709595,224.09645080566406,65.97006225585938,94.04473114013672,0.8634392023086548,1043.303466796875,251.82470703125,1073.2650146484375,284.0557556152344,0.20340223889797926,72,se3_log_map,0.8435513973236084
-0.6982093453407288,0.16242067515850067,1.95326566696167,225.97021484375,62.797508239746094,93.29772186279297,0.864610493183136,1045.67138671875,252.40945434570312,1075.7039794921875,284.56427001953125,0.20465064281597733,72,se3_log_map,0.8409602046012878
-0.7082828879356384,0.16644984483718872,1.9525694847106934,227.60804748535156,59.84541702270508,92.18218994140625,0.8653097748756409,1047.605224609375,252.7537384033203,1077.6646728515625,284.7469482421875,0.20467243064194918,72,se3_log_map,0.8374555110931396
-0.7172496318817139,0.16983842849731445,1.951517939567566,228.6170196533203,57.11183547973633,90.72430419921875,0.8657236099243164,1049.120361328125,252.50425720214844,1079.0792236328125,284.22906494140625,0.20100894197821617,72,se3_log_map,0.8364852070808411
-0.7251338362693787,0.17282642424106598,1.9505281448364258,229.24298095703125,54.58639144897461,89.27653503417969,0.8654649257659912,1050.4462890625,251.99667358398438,1080.2498779296875,283.4304504394531,0.26833556592464447,72,se3_log_map,0.8361618518829346
-0.7322546243667603,0.17559781670570374,1.9501144886016846,229.71400451660156,52.244483947753906,88.31836700439453,0.8648003339767456,1051.893310546875,251.59121704101562,1081.5626220703125,282.83270263671875,0.20054374309256673,72,se3_log_map,0.8371822834014893
-0.7382919192314148,0.17787179350852966,1.9498268365859985,230.38233947753906,50.24085235595703,87.78004455566406,0.8639976978302002,1053.1463623046875,251.60585021972656,1082.78466796875,282.7445983886719,0.2024557921104133,72,se3_log_map,0.8354863524436951
-0.743018627166748,0.179411843419075,1.9494543075561523,231.41598510742188,48.6618537902832,87.56580352783203,0.8635309934616089,1054.0206298828125,252.16880798339844,1083.7659912109375,283.2754211425781,0.20399674400687218,72,se3_log_map,0.8345094919204712
-0.7464788556098938,0.18032951653003693,1.949110746383667,232.57476806640625,47.44162368774414,87.67539978027344,0.8634440898895264,1054.5909423828125,253.0389404296875,1084.5233154296875,284.1734619140625,0.2055495078675449,72,se3_log_map,0.8321564793586731
-0.7488017082214355,0.18071843683719635,1.9486253261566162,233.83734130859375,46.559226989746094,87.98603057861328,0.863554835319519,1054.81494140625,254.14407348632812,1084.9993896484375,285.3411560058594,0.2556119980290532,72,se3_log_map,0.8295834064483643
-0.7502498626708984,0.18071676790714264,1.9482306241989136,235.0718536376953,45.9397087097168,88.54862976074219,0.8638790845870972,1054.8648681640625,255.3626708984375,1085.3341064453125,286.6694641113281,0.20486726518720388,72,se3_log_map,0.8293570280075073
-0.7510192394256592,0.1805507242679596,1.9474618434906006,236.2517547607422,45.55656433105469,89.14541625976562,0.8641831278800964,1054.6060791015625,256.58758544921875,1085.3714599609375,288.0043640136719,0.2064731800928712,72,se3_log_map,0.8298997282981873
-0.7517845630645752,0.18067550659179688,1.946632981300354,237.37240600585938,45.28981399536133,89.9140625,0.8641225099563599,1054.378173828125,257.8398132324219,1085.44677734375,289.4194641113281,0.2045098408125341,72,se3_log_map,0.8332731127738953
-0.752140462398529,0.18075795471668243,1.9451954364776611,238.14927673339844,45.22403335571289,90.43670654296875,0.8637482523918152,1053.802734375,258.72589111328125,1085.0987548828125,290.40557861328125,0.20206949161365628,72,se3_log_map,0.8353402614593506
-0.7515503168106079,0.18057581782341003,1.9428730010986328,238.39804077148438,45.39799499511719,90.38813781738281,0.8640530705451965,1052.625,258.9683837890625,1084.012939453125,290.58819580078125,0.203337081708014,72,se3_log_map,0.8362970352172852
-0.7504819631576538,0.1802673637866974,1.9397071599960327,238.39288330078125,45.77174377441406,89.90283203125,0.8646097183227539,1050.9656982421875,258.8604736328125,1082.3759765625,290.3128967285156,0.20169440424069762,72,se3_log_map,0.8358136415481567
-0.7490138411521912,0.17979803681373596,1.9358999729156494,238.2115478515625,46.28481674194336,89.11937713623047,0.8644504547119141,1048.921142578125,258.51361083984375,1080.3077392578125,289.7212219238281,0.2053372492082417,72,se3_log_map,0.8356191515922546
-0.748631477355957,0.18051502108573914,1.9333252906799316,238.14173889160156,46.4854736328125,89.1313705444336,0.8645402789115906,1047.8424072265625,258.48944091796875,1079.254638671875,289.6636962890625,0.20109528582543135,72,se3_log_map,0.8351105451583862
-0.7490801215171814,0.1820680797100067,1.931492567062378,238.19219970703125,46.4776496887207,89.69287109375,0.8651350140571594,1047.399169921875,258.7286376953125,1078.881591796875,290.0182189941406,0.26151456916704774,72,se3_log_map,0.8374757766723633
-0.749882161617279,0.18388879299163818,1.929955005645752,238.2211456298828,46.4332275390625,90.48816680908203,0.8650669455528259,1047.2001953125,259.0240783691406,1078.7593994140625,290.4949951171875,0.20251237321645021,72,se3_log_map,0.8399648666381836
-0.7500995993614197,0.18520282208919525,1.9277764558792114,237.9699249267578,46.57719802856445,90.8438720703125,0.8649344444274902,1046.517578125,258.9434814453125,1078.077392578125,290.4784851074219,0.20577614195644855,72,se3_log_map,0.8414804339408875
-0.7496029138565063,0.1853371262550354,1.9249207973480225,237.41587829589844,47.027061462402344,90.70712280273438,0.865349292755127,1045.177490234375,258.46783447265625,1076.6622314453125,289.93377685546875,0.20651068119332194,72,se3_log_map,0.8395093679428101
-0.748742401599884,0.18486934900283813,1.9215681552886963,236.70138549804688,47.66230773925781,90.17524719238281,0.8655741810798645,1043.4337158203125,257.74176025390625,1074.795166015625,289.04400634765625,0.203554208856076,72,se3_log_map,0.8376977443695068
-0.7483118772506714,0.18437807261943817,1.918701171875,236.1193389892578,48.280487060546875,89.96354675292969,0.8652891516685486,1041.9730224609375,257.2485046386719,1073.2587890625,288.4787292480469,0.2798925139941275,72,se3_log_map,0.8371443748474121
-0.7487470507621765,0.18445135653018951,1.916953206062317,235.79493713378906,48.716346740722656,90.41793823242188,0.8656125664710999,1041.2705078125,257.1924133300781,1072.5633544921875,288.53326416015625,0.20951337786391377,72,se3_log_map,0.8387771844863892
-0.7497679591178894,0.1850065439939499,1.9161065816879272,235.62353515625,49.019195556640625,91.31732940673828,0.8658139705657959,1041.1661376953125,257.4105529785156,1072.514404296875,288.98779296875,0.20264746295288205,72,se3_log_map,0.8404247760772705
-0.7505525350570679,0.1851791888475418,1.9153430461883545,235.2252960205078,49.38827133178711,92.0386734008789,0.865586519241333,1040.9844970703125,257.373779296875,1072.3292236328125,289.1400451660156,0.2052154028788209,72,se3_log_map,0.8427112102508545
-0.7505549788475037,0.18464021384716034,1.9143096208572388,234.54266357421875,49.88287353515625,92.29522705078125,0.865715503692627,1040.410888671875,256.93768310546875,1071.6678466796875,288.7603759765625,0.20293217711150646,72,se3_log_map,0.841434121131897
-0.7502803206443787,0.1836787909269333,1.9133164882659912,233.6103515625,50.44846725463867,92.33794403076172,0.8659648895263672,1039.7252197265625,256.21307373046875,1070.8284912109375,288.0344543457031,0.20193097786977887,72,se3_log_map,0.8413358926773071
-0.7497657537460327,0.1820513904094696,1.9123011827468872,232.48330688476562,51.154754638671875,92.2054443359375,0.866059422492981,1038.85693359375,255.27854919433594,1069.7620849609375,287.0549621582031,0.2009223341010511,72,se3_log_map,0.8395826816558838
-0.7495903968811035,0.18071995675563812,1.9119963645935059,231.37002563476562,51.76189041137695,92.37548828125,0.8660707473754883,1038.423583984375,254.4496307373047,1069.1436767578125,286.2627258300781,0.20116944098845124,72,se3_log_map,0.8394430875778198
-0.7496209144592285,0.17953753471374512,1.911915898323059,230.40072631835938,52.387451171875,92.62640380859375,0.8660712242126465,1038.1546630859375,253.78848266601562,1068.725341796875,285.67718505859375,0.2040313519537449,72,se3_log_map,0.8384518027305603
-0.7497872710227966,0.17846842110157013,1.9118077754974365,229.71749877929688,53.06764602661133,92.90359497070312,0.8661271333694458,1037.918212890625,253.41148376464844,1068.4061279296875,285.4041442871094,0.27903118962422013,72,se3_log_map,0.8396780490875244
-0.7501811981201172,0.17756147682666779,1.912062168121338,229.26942443847656,53.72690200805664,93.40156555175781,0.8663278818130493,1037.9144287109375,253.32765197753906,1068.382568359375,285.49163818359375,0.1989701557904482,72,se3_log_map,0.8399735689163208
-0.7503149509429932,0.17657515406608582,1.9120463132858276,228.97190856933594,54.500518798828125,93.75547790527344,0.8664169311523438,1037.7310791015625,253.35455322265625,1068.2108154296875,285.6650085449219,0.20424618013203144,72,se3_log_map,0.8401330709457397
-0.7500429153442383,0.1758011132478714,1.9119505882263184,228.5794219970703,55.276248931884766,93.86445617675781,0.8663516044616699,1037.489013671875,253.20851135253906,1067.9410400390625,285.6040954589844,0.20196794206276536,72,se3_log_map,0.8390429019927979
-0.7504827976226807,0.17594265937805176,1.9127957820892334,228.24685668945312,55.80046463012695,94.44392395019531,0.8665218353271484,1037.96875,253.2389678955078,1068.414306640625,285.8450927734375,0.2033895831555128,72,se3_log_map,0.8414464592933655
-0.7508139610290527,0.17633387446403503,1.9138226509094238,227.71482849121094,56.27263259887695,94.93997955322266,0.8666033744812012,1038.56298828125,253.04989624023438,1068.9468994140625,285.8436584472656,0.26329304790124297,72,se3_log_map,0.8411083817481995
-0.7509816288948059,0.1771707832813263,1.9148198366165161,227.10617065429688,56.686214447021484,95.19503784179688,0.8665624856948853,1039.20703125,252.69078063964844,1069.4876708984375,285.6190185546875,0.200951490085572,72,se3_log_map,0.8429067134857178
-0.7504636645317078,0.1774289906024933,1.915159821510315,226.39077758789062,57.290775299072266,94.91409301757812,0.8667782545089722,1039.32861328125,252.07876586914062,1069.46142578125,285.0091552734375,0.20333138201385736,72,se3_log_map,0.8413378000259399
-0.7498749494552612,0.17791303992271423,1.915296196937561,225.8065643310547,57.89693832397461,94.46072387695312,0.8668577671051025,1039.392333984375,251.5223388671875,1069.392333984375,284.4241027832031,0.20330049190670252,72,se3_log_map,0.8421472311019897
-0.7495192289352417,0.17874427139759064,1.9155304431915283,225.39657592773438,58.471893310546875,94.12738800048828,0.8667626976966858,1039.6075439453125,251.16238403320312,1069.516845703125,284.0780029296875,0.20201470190659165,72,se3_log_map,0.8416688442230225
-0.7497778534889221,0.18006691336631775,1.9165856838226318,225.1275177001953,58.85871124267578,94.28181457519531,0.867031455039978,1040.389892578125,251.0693359375,1070.255615234375,284.1231689453125,0.20330446399748325,72,se3_log_map,0.8425705432891846
-0.7503827810287476,0.18151447176933289,1.9183263778686523,224.84280395507812,59.111671447753906,94.79754638671875,0.8670419454574585,1041.562744140625,251.0678253173828,1071.3953857421875,284.34259033203125,0.2029590979218483,72,se3_log_map,0.843224287033081
-0.7508870363235474,0.182872012257576,1.9200307130813599,224.50636291503906,59.35422897338867,95.2551498413086,0.8666183948516846,1042.6849365234375,250.99716186523438,1072.4698486328125,284.47308349609375,0.20284183602780104,72,se3_log_map,0.8431330919265747
-0.7502030730247498,0.18356776237487793,1.9205108880996704,224.10284423828125,59.880672454833984,94.88231658935547,0.8669730424880981,1042.930908203125,250.62010192871094,1072.6207275390625,284.0879821777344,0.20574207184836268,72,se3_log_map,0.8440871834754944
-0.7490626573562622,0.18364082276821136,1.920487403869629,223.69410705566406,60.54118728637695,94.18301391601562,0.8672254085540771,1042.7509765625,250.1494140625,1072.3359375,283.5237731933594,0.24923722306266427,72,se3_log_map,0.8428647518157959
-0.747786283493042,0.18340517580509186,1.9202744960784912,223.3236541748047,61.26631164550781,93.46528625488281,0.8668386936187744,1042.401611328125,249.72540283203125,1071.8973388671875,282.9978942871094,0.20336618600413203,72,se3_log_map,0.8421568870544434
-0.7473629117012024,0.183882936835289,1.921172022819519,223.1658172607422,61.74101638793945,93.61312103271484,0.8669536113739014,1042.833984375,249.756591796875,1072.3250732421875,283.1368408203125,0.2047800626605749,72,se3_log_map,0.8421646952629089
-0.7473374009132385,0.18449300527572632,1.922584056854248,223.02500915527344,62.127525329589844,94.18561553955078,0.8672228455543518,1043.589111328125,249.9418182373047,1073.1025390625,283.529052734375,0.2021743538789451,72,se3_log_map,0.8424065709114075
-0.7473070025444031,0.18517696857452393,1.9244153499603271,222.65969848632812,62.420928955078125,94.91366577148438,0.8671625852584839,1044.547607421875,249.96463012695312,1074.0400390625,283.78094482421875,0.2018687231466174,72,se3_log_map,0.8429465889930725
-0.7464631795883179,0.18505528569221497,1.9257774353027344,221.85960388183594,62.84346008300781,95.14506530761719,0.867150604724884,1045.00146484375,249.44651794433594,1074.361083984375,283.3441467285156,0.25431409990414977,72,se3_log_map,0.8438626527786255
-0.7451027035713196,0.18434032797813416,1.926215648651123,221.13198852539062,63.437679290771484,94.83851623535156,0.8672418594360352,1044.837646484375,248.83335876464844,1074.0594482421875,282.6820983886719,0.20550087187439203,72,se3_log_map,0.8441429138183594
-0.743949294090271,0.18326057493686676,1.926369071006775,220.79568481445312,64.08470153808594,94.57151794433594,0.8672927618026733,1044.506103515625,248.59878540039062,1073.6826171875,282.41937255859375,0.20392574276775122,72,se3_log_map,0.8432884216308594
-0.7430671453475952,0.1823166161775589,1.9262969493865967,220.777587890625,64.73722839355469,94.35293579101562,0.8671666383743286,1044.1439208984375,248.66871643066406,1073.346435546875,282.48822021484375,0.2019492369145155,72,se3_log_map,0.8422632217407227
-0.742175817489624,0.18142223358154297,1.9260766506195068,220.79666137695312,65.40666961669922,94.11795043945312,0.8668764233589172,1043.7237548828125,248.77174377441406,1072.961669921875,282.58795166015625,0.20324330916628242,72,se3_log_map,0.8428282737731934
-0.741881251335144,0.18148860335350037,1.9269682168960571,220.7393035888672,65.80826568603516,94.63822937011719,0.8671578168869019,1044.0926513671875,249.02401733398438,1073.3790283203125,283.008056640625,0.2022576811723411,72,se3_log_map,0.8431692123413086
-0.7416623830795288,0.18214251101016998,1.9279816150665283,220.56881713867188,66.09432220458984,95.27400970458984,0.8673303127288818,1044.6458740234375,249.1910858154297,1073.9559326171875,283.36236572265625,0.20005570026114583,72,se3_log_map,0.84339839220047
-0.7410557270050049,0.182713583111763,1.928680658340454,220.088134765625,66.3902587890625,95.64221954345703,0.8673781156539917,1044.97900390625,248.9857177734375,1074.2322998046875,283.2618408203125,0.20462103420868516,72,se3_log_map,0.8425387740135193
-0.7405824661254883,0.1833132803440094,1.9295779466629028,219.50083923339844,66.6053466796875,95.98197174072266,0.8671720027923584,1045.4285888671875,248.65524291992188,1074.593017578125,283.0272216796875,0.20826668804511428,72,se3_log_map,0.8436912894248962
-0.7396271228790283,0.18340814113616943,1.9294507503509521,218.94371032714844,67.00499725341797,95.65478515625,0.8673850297927856,1045.238037109375,248.1448211669922,1074.2896728515625,282.4594421386719,0.28180444706231356,72,se3_log_map,0.8426029682159424
-0.7387818694114685,0.18337664008140564,1.928911805152893,218.5830078125,67.49432373046875,95.19647216796875,0.8673779964447021,1044.853759765625,247.78292846679688,1073.832275390625,282.025390625,0.20416395086795092,72,se3_log_map,0.8436365127563477
-0.7381689548492432,0.18330560624599457,1.9280169010162354,218.56854248046875,68.07659912109375,94.70945739746094,0.8673301935195923,1044.3375244140625,247.74282836914062,1073.3206787109375,281.9305114746094,0.20273943385109305,72,se3_log_map,0.843614935874939
-0.7375532388687134,0.18345679342746735,1.926889181137085,218.72982788085938,68.6948471069336,94.26423645019531,0.867000937461853,1043.759765625,247.885986328125,1072.7916259765625,282.03558349609375,0.20423757238313556,72,se3_log_map,0.8446300625801086
-0.7371468544006348,0.18412040174007416,1.9264944791793823,218.74008178710938,69.15621948242188,94.41134643554688,0.8670977354049683,1043.6485595703125,248.07923889160156,1072.7281494140625,282.3106994628906,0.2078279461711645,72,se3_log_map,0.8445030450820923
-0.7371101975440979,0.18532215058803558,1.9267975091934204,218.6273193359375,69.41636657714844,95.10993957519531,0.867451012134552,1044.018798828125,248.31922912597656,1073.1439208984375,282.744873046875,0.24783257488161325,72,se3_log_map,0.8440656661987305
-0.7367895245552063,0.186408132314682,1.9272401332855225,218.15414428710938,69.62255859375,95.79051208496094,0.867484450340271,1044.383544921875,248.22239685058594,1073.476318359375,282.8113708496094,0.20700914319604635,72,se3_log_map,0.8432084918022156
-0.736197829246521,0.18712681531906128,1.9279624223709106,217.40118408203125,69.8022232055664,96.42955780029297,0.8670673370361328,1044.7589111328125,247.85940551757812,1073.757568359375,282.58258056640625,0.20200710697099566,72,se3_log_map,0.8428432941436768
-0.7355028390884399,0.18734095990657806,1.9280033111572266,216.84368896484375,70.11700439453125,96.72916412353516,0.8667749762535095,1044.7091064453125,247.57647705078125,1073.6439208984375,282.3635559082031,0.20636442070826888,72,se3_log_map,0.8430871963500977
-0.7342857122421265,0.18687282502651215,1.9267752170562744,216.52919006347656,70.6828842163086,96.22038269042969,0.8673495054244995,1043.866455078125,247.263671875,1072.7518310546875,281.940185546875,0.20425721909850836,72,se3_log_map,0.8428228497505188
-0.7331313490867615,0.18593154847621918,1.9250457286834717,216.50010681152344,71.41267395019531,95.42059326171875,0.8676085472106934,1042.7132568359375,247.13792419433594,1071.6007080078125,281.66290283203125,0.2801032429561019,72,se3_log_map,0.8440338373184204
-0.7321863174438477,0.18521475791931152,1.9234446287155151,216.67587280273438,72.1061019897461,94.77534484863281,0.8671395778656006,1041.6962890625,247.2449951171875,1070.6358642578125,281.664794921875,0.20234139589592814,72,se3_log_map,0.8444901704788208
-0.7322012782096863,0.18575981259346008,1.9231452941894531,216.87066650390625,72.4483642578125,95.02883911132812,0.8672414422035217,1041.6710205078125,247.6128692626953,1070.6962890625,282.1376647949219,0.21085421787574887,72,se3_log_map,0.8442438244819641
-0.7321705222129822,0.18652601540088654,1.9236241579055786,216.63833618164062,72.59013366699219,95.6267318725586,0.8676618933677673,1042.0345458984375,247.68118286132812,1071.0657958984375,282.3563232421875,0.2030220259912312,72,se3_log_map,0.8437464237213135
-0.7318016290664673,0.18719634413719177,1.9241633415222168,216.13101196289062,72.73865509033203,96.22574615478516,0.8677819967269897,1042.3526611328125,247.5134735107422,1071.3365478515625,282.3194885253906,0.2863760287873447,72,se3_log_map,0.8428146839141846
-0.7309989333152771,0.18778806924819946,1.9242274761199951,215.6515655517578,72.98025512695312,96.53433227539062,0.8676456212997437,1042.3709716796875,247.28646850585938,1071.302001953125,282.15362548828125,0.20279723033308983,72,se3_log_map,0.8432817459106445
-0.7297033071517944,0.1876554936170578,1.9234399795532227,215.33348083496094,73.47798156738281,96.39855194091797,0.8677502870559692,1041.7816162109375,247.10362243652344,1070.686279296875,281.9362487792969,0.20568212494254112,72,se3_log_map,0.8429596424102783
-0.7290204763412476,0.18764430284500122,1.9228211641311646,215.4921875,73.91204833984375,96.42381286621094,0.8678419589996338,1041.390380859375,247.38113403320312,1070.36962890625,282.2434997558594,0.20462933788076043,72,se3_log_map,0.8433988094329834
-0.7283121943473816,0.1870552897453308,1.9218157529830933,215.73812866210938,74.43598937988281,96.28890991210938,0.8677939176559448,1040.7059326171875,247.69984436035156,1069.777587890625,282.55511474609375,0.2035725093446672,72,se3_log_map,0.8426998853683472
-0.7276808619499207,0.18652385473251343,1.9212876558303833,215.6624755859375,74.83248138427734,96.30769348144531,0.8676475286483765,1040.2613525390625,247.76072692871094,1069.359130859375,282.62646484375,0.27239414723590016,72,se3_log_map,0.8432586789131165
-0.7271851897239685,0.18573333323001862,1.9213825464248657,215.03155517578125,75.0328598022461,96.43898010253906,0.8678016066551208,1040.0697021484375,247.32362365722656,1069.071533203125,282.1930236816406,0.20529448986053467,72,se3_log_map,0.8437647223472595
-0.7271474599838257,0.18490174412727356,1.9217698574066162,214.40394592285156,75.1330337524414,96.75401306152344,0.8678619861602783,1040.0753173828125,246.93190002441406,1068.9864501953125,281.8481140136719,0.20390558615326881,72,se3_log_map,0.8434192538261414
-0.7274807691574097,0.18465851247310638,1.9224998950958252,214.03970336914062,75.15496826171875,97.2803955078125,0.867706298828125,1040.4112548828125,246.82937622070312,1069.2896728515625,281.8621520996094,0.2061786549165845,72,se3_log_map,0.8426896333694458
-0.72761070728302,0.1842450499534607,1.9224977493286133,213.99725341796875,75.38351440429688,97.48019409179688,0.867725133895874,1040.349365234375,246.94105529785156,1069.255126953125,282.0389404296875,0.20505707804113626,72,se3_log_map,0.8427966833114624
-0.7272388935089111,0.1835036426782608,1.9214080572128296,214.25672912597656,75.85130310058594,97.14840698242188,0.8678737878799438,1039.6507568359375,247.17843627929688,1068.63037109375,282.23291015625,0.20622853701934218,72,se3_log_map,0.8437904715538025
-0.7269821166992188,0.1826731562614441,1.9206194877624512,214.3446502685547,76.24815368652344,96.91438293457031,0.8676852583885193,1039.089599609375,247.2848663330078,1068.109130859375,282.30975341796875,0.20577735733240843,72,se3_log_map,0.8434133529663086
-0.7277407646179199,0.18248742818832397,1.9213404655456543,214.16700744628906,76.21211242675781,97.45530700683594,0.8678419589996338,1039.4996337890625,247.33242797851562,1068.51904296875,282.48944091796875,0.20618966082111,72,se3_log_map,0.8430344462394714
-0.7282352447509766,0.18210387229919434,1.9220088720321655,213.6387176513672,76.15571594238281,97.79177856445312,0.8678627014160156,1039.80517578125,246.99073791503906,1068.7371826171875,282.2147521972656,0.20535586308687925,72,se3_log_map,0.8429892659187317
-0.7286338806152344,0.18197892606258392,1.9226317405700684,213.3028564453125,76.09172058105469,98.12194061279297,0.8676489591598511,1040.1258544921875,246.81161499023438,1069.0078125,282.10626220703125,0.2535722218453884,72,se3_log_map,0.8425523042678833
-0.7285288572311401,0.1822558492422104,1.9225932359695435,213.28256225585938,76.16966247558594,98.09675598144531,0.8676804304122925,1040.1463623046875,246.80810546875,1069.0269775390625,282.1095886230469,0.20609174109995365,72,se3_log_map,0.8425602316856384
-0.7283183336257935,0.18315084278583527,1.9221796989440918,213.69850158691406,76.32815551757812,97.99688720703125,0.8677657246589661,1040.1019287109375,247.1769256591797,1069.0689697265625,282.49365234375,0.2069651521742344,72,se3_log_map,0.8418559432029724
-0.7271683216094971,0.183384969830513,1.9214153289794922,213.73046875,76.62166595458984,97.4835205078125,0.8678724765777588,1039.61962890625,247.09234619140625,1068.5802001953125,282.3008117675781,0.2032732623629272,72,se3_log_map,0.843268632888794
-0.7256019115447998,0.1834104061126709,1.9206874370574951,213.18821716308594,76.87629699707031,96.74573516845703,0.8676239252090454,1039.046630859375,246.41209411621094,1067.865478515625,281.4313659667969,0.20287266001105309,72,se3_log_map,0.8437381386756897
-0.7248591184616089,0.18423406779766083,1.9211212396621704,212.573486328125,76.82120513916016,96.65008544921875,0.8676527738571167,1039.28759765625,245.82559204101562,1067.96484375,280.80303955078125,0.24607795989140868,72,se3_log_map,0.8434879183769226
-0.7245981097221375,0.1851801574230194,1.9215277433395386,212.35105895996094,76.75927734375,96.68142700195312,0.8675537109375,1039.616455078125,245.62625122070312,1068.239013671875,280.6143798828125,0.20465296180918813,72,se3_log_map,0.8426990509033203
-0.724534273147583,0.18590183556079865,1.9216316938400269,212.38160705566406,76.83628845214844,96.70404052734375,0.8675706386566162,1039.7952880859375,245.68563842773438,1068.4267578125,280.704833984375,0.20632857782766223,72,se3_log_map,0.8427157402038574
-0.724963903427124,0.1865645945072174,1.9218100309371948,212.77230834960938,76.96068572998047,96.97327423095703,0.8678597211837769,1040.074462890625,246.16827392578125,1068.8094482421875,281.29962158203125,0.20515232114121318,72,se3_log_map,0.8437159657478333
-0.7257789373397827,0.18721628189086914,1.9224178791046143,213.36929321289062,76.99472045898438,97.51537322998047,0.8677566647529602,1040.6077880859375,246.90867614746094,1069.4991455078125,282.22100830078125,0.2039956171065569,72,se3_log_map,0.8420702815055847
-0.7265442609786987,0.18745014071464539,1.9231507778167725,213.7279510498047,77.02760314941406,98.07205200195312,0.8672815561294556,1041.107421875,247.4490203857422,1070.110107421875,282.9319152832031,0.19971886090934277,72,se3_log_map,0.8400593996047974
-0.7257340550422668,0.18645590543746948,1.922673225402832,213.2139892578125,77.30794525146484,97.50628662109375,0.8678426146507263,1040.566650390625,246.86880493164062,1069.449951171875,282.2125549316406,0.2070318330079317,72,se3_log_map,0.8418855667114258
-0.7247451543807983,0.18493281304836273,1.921912670135498,212.5101776123047,77.61947631835938,96.70304107666016,0.8676567673683167,1039.7657470703125,246.04234313964844,1068.4801025390625,281.1790466308594,0.207392371725291,72,se3_log_map,0.8442530632019043
-0.7248243689537048,0.18413740396499634,1.9226953983306885,211.76109313964844,77.56444549560547,96.75873565673828,0.8676273822784424,1039.976806640625,245.4001922607422,1068.537841796875,280.527587890625,0.20821004081517458,72,se3_log_map,0.8440882563591003
-0.7253950238227844,0.18370142579078674,1.9236900806427002,211.3259735107422,77.4300537109375,97.0094985961914,0.8675767183303833,1040.4324951171875,245.0814666748047,1068.908203125,280.26300048828125,0.26229631481692195,72,se3_log_map,0.8431981801986694
-0.7261313796043396,0.18336361646652222,1.9242143630981445,211.44497680664062,77.43848419189453,97.23332977294922,0.867651104927063,1040.719970703125,245.275390625,1069.232421875,280.5378112792969,0.2072433279827237,72,se3_log_map,0.8429259061813354
-0.7269087433815002,0.18301744759082794,1.9245727062225342,211.8863525390625,77.55574035644531,97.52854919433594,0.8678444623947144,1040.9371337890625,245.80996704101562,1069.5665283203125,281.1883850097656,0.20639005210250616,72,se3_log_map,0.8436431884765625
-0.727541446685791,0.18271160125732422,1.9245060682296753,212.63180541992188,77.76114654541016,97.684814453125,0.8678456544876099,1040.9468994140625,246.57940673828125,1069.753173828125,282.0538635253906,0.20468323305249214,72,se3_log_map,0.8433405756950378
-0.7278464436531067,0.18199093639850616,1.9245437383651733,212.85768127441406,77.90827941894531,97.72099304199219,0.8676797151565552,1040.870361328125,246.83493041992188,1069.7376708984375,282.3428955078125,0.2069744961336255,72,se3_log_map,0.8425134420394897
-0.7275620102882385,0.18109869956970215,1.924508810043335,212.32577514648438,78.0177001953125,97.510009765625,0.867793619632721,1040.6341552734375,246.32742309570312,1069.390869140625,281.7693786621094,0.2798686292953789,72,se3_log_map,0.8439600467681885
-0.7272554039955139,0.18021969497203827,1.9248038530349731,211.50840759277344,78.01571655273438,97.48146057128906,0.8677879571914673,1040.5467529296875,245.6112518310547,1069.1409912109375,281.0040283203125,0.20483981585130095,72,se3_log_map,0.8442258834838867
-0.7270880937576294,0.17969992756843567,1.9252299070358276,210.9281005859375,78.01500701904297,97.64845275878906,0.8676729202270508,1040.61181640625,245.17794799804688,1069.1048583984375,280.5799560546875,0.20571226021274924,72,se3_log_map,0.8442478179931641
-0.7270021438598633,0.17967146635055542,1.9254339933395386,210.6669158935547,78.09999084472656,97.80928039550781,0.8676097393035889,1040.6851806640625,245.04452514648438,1069.1456298828125,280.4826965332031,0.20579201402142644,72,se3_log_map,0.8437085151672363
-0.7268691062927246,0.17972314357757568,1.9251940250396729,210.7809295654297,78.31204223632812,97.82756042480469,0.8676921129226685,1040.5655517578125,245.21746826171875,1069.06884765625,280.68292236328125,0.20602547097951174,72,se3_log_map,0.8440736532211304
-0.7268136739730835,0.17997391521930695,1.924994707107544,211.11605834960938,78.54083251953125,97.89756774902344,0.8678399324417114,1040.5157470703125,245.6065673828125,1069.1097412109375,281.1255187988281,0.20397914806380868,72,se3_log_map,0.8439929485321045
-0.7270157933235168,0.18086394667625427,1.924871563911438,211.71868896484375,78.72068786621094,98.12031555175781,0.8678348064422607,1040.66650390625,246.27088928222656,1069.4093017578125,281.89532470703125,0.20618354715406895,72,se3_log_map,0.8426849842071533
-0.7268058061599731,0.18184253573417664,1.924404501914978,212.06153869628906,78.87239074707031,98.07502746582031,0.8676762580871582,1040.6138916015625,246.59616088867188,1069.4329833984375,282.24261474609375,0.2049800050444901,72,se3_log_map,0.8421875238418579
-0.7259227633476257,0.18259596824645996,1.924198865890503,211.501953125,78.8905029296875,97.79182434082031,0.8678901195526123,1040.529541015625,246.00819396972656,1069.2154541015625,281.56622314453125,0.2053700853139162,72,se3_log_map,0.8434081077575684
-0.7251987457275391,0.18307985365390778,1.9242396354675293,210.87228393554688,78.83438110351562,97.61906433105469,0.8678380250930786,1040.5286865234375,245.38023376464844,1069.0704345703125,280.8645324707031,0.2580031850375235,72,se3_log_map,0.8434250354766846
-0.7248380780220032,0.1835479438304901,1.924154281616211,210.67637634277344,78.82864379882812,97.64328002929688,0.867770791053772,1040.5250244140625,245.21971130371094,1069.030029296875,280.6949768066406,0.20716965710744262,72,se3_log_map,0.8430275917053223
-0.7248735427856445,0.18391095101833344,1.9238159656524658,210.929931640625,78.87916564941406,97.71941375732422,0.8678505420684814,1040.4483642578125,245.48410034179688,1069.0159912109375,280.986083984375,0.205996701028198,72,se3_log_map,0.8428742289543152
-0.7247179746627808,0.18360278010368347,1.923051118850708,211.32608032226562,79.07568359375,97.6142807006836,0.8678784966468811,1040.0164794921875,245.84593200683594,1068.6788330078125,281.3354797363281,0.20609237207099795,72,se3_log_map,0.843770444393158
-0.724830687046051,0.18343695998191833,1.9226012229919434,211.63771057128906,79.18037414550781,97.69134521484375,0.8678138256072998,1039.797607421875,246.17808532714844,1068.5423583984375,281.6934814453125,0.20564653119072318,72,se3_log_map,0.8430761098861694
-0.7252086997032166,0.18323476612567902,1.9229719638824463,211.49072265625,79.06571960449219,98.04341888427734,0.8678840398788452,1039.98583984375,246.15487670898438,1068.7200927734375,281.7327575683594,0.2903991271741688,72,se3_log_map,0.8421940803527832
-0.7256339192390442,0.18291334807872772,1.9234728813171387,211.25877380371094,78.899169921875,98.38563537597656,0.86781907081604,1040.217041015625,246.03878784179688,1068.91845703125,281.6705627441406,0.20326109323650599,72,se3_log_map,0.8426815867424011
-0.7260351181030273,0.1827898621559143,1.9239920377731323,211.1705322265625,78.75149536132812,98.71175384521484,0.8675909042358398,1040.491455078125,246.0463409423828,1069.1871337890625,281.73980712890625,0.202790979295969,72,se3_log_map,0.8414827585220337
-0.725906252861023,0.18245574831962585,1.9231809377670288,211.51336669921875,78.89134216308594,98.4376220703125,0.867819607257843,1040.03759765625,246.2756805419922,1068.79833984375,281.915283203125,0.20373013708740473,72,se3_log_map,0.8424009084701538
-0.7258110046386719,0.18218766152858734,1.9227423667907715,211.7494354248047,78.94454956054688,98.19080352783203,0.8678452372550964,1039.7713623046875,246.39703369140625,1068.5672607421875,281.9855651855469,0.20501365466043353,72,se3_log_map,0.8422895669937134
-0.7254720330238342,0.18179185688495636,1.922255516052246,211.54983520507812,78.96549224853516,97.78378295898438,0.47148072719573975,1039.41943359375,246.07020568847656,1068.1494140625,281.5485534667969,0.20869183633476496,72,se3_log_map,0.8434770107269287
-0.7283010482788086,0.17052997648715973,1.9178588390350342,207.87130737304688,82.3408203125,92.39974212646484,0.44232723116874695,1035.66552734375,241.926025390625,1063.546630859375,276.6272277832031,0.20708120986819267,72,se3_log_map,0.836972713470459
-0.7370622754096985,0.16917522251605988,1.9119939804077148,212.92922973632812,84.63394927978516,91.56275177001953,0.4225353002548218,1034.1220703125,246.7498779296875,1063.15283203125,281.9336242675781,0.20699508721008897,72,se3_log_map,0.8235298991203308
-0.7385139465332031,0.1671796292066574,1.9135531187057495,209.7517547607422,83.47116088867188,90.86639404296875,0.44863468408584595,1034.6624755859375,243.35145568847656,1062.895263671875,278.2027587890625,0.2091896589845419,72,se3_log_map,0.8325067162513733
-0.7417896389961243,0.16571643948554993,1.9161484241485596,206.82823181152344,82.11852264404297,91.29425048828125,0.44421160221099854,1036.0621337890625,240.5327606201172,1063.6168212890625,275.324462890625,0.280851021874696,72,se3_log_map,0.8372387290000916
-0.7461982369422913,0.16485504806041718,1.9178831577301025,204.99172973632812,81.19123840332031,92.38945007324219,0.4400014281272888,1037.368896484375,239.05947875976562,1064.5579833984375,274.0295104980469,0.2072584517300129,72,se3_log_map,0.8377498984336853
-0.7502604722976685,0.16547615826129913,1.9168075323104858,204.7711944580078,81.04950714111328,93.27454376220703,0.4422372877597809,1037.6490478515625,239.1660614013672,1064.8548583984375,274.3825378417969,0.20779090328142047,72,se3_log_map,0.8363368511199951
-0.7519468665122986,0.1674145609140396,1.9130593538284302,205.5338134765625,81.6528549194336,93.47662353515625,0.44755107164382935,1036.615234375,240.10250854492188,1064.0584716796875,275.4544982910156,0.20881605613976717,72,se3_log_map,0.8350323438644409
-0.7526489496231079,0.1697082370519638,1.9085750579833984,206.40672302246094,82.46168518066406,93.47887420654297,0.44937872886657715,1035.16748046875,241.12644958496094,1062.8798828125,276.5636901855469,0.2066613920032978,72,se3_log_map,0.8343213796615601
-0.7522897720336914,0.1718142181634903,1.9034148454666138,206.97500610351562,83.38300323486328,92.90000915527344,0.45211756229400635,1033.2093505859375,241.70599365234375,1061.104736328125,277.07415771484375,0.2467118469066918,72,se3_log_map,0.8345478773117065
-0.7505308985710144,0.17322219908237457,1.8981300592422485,206.98561096191406,84.36048889160156,91.91118621826172,0.45443540811538696,1030.8289794921875,241.67623901367188,1058.7802734375,276.830078125,0.20821004500612617,72,se3_log_map,0.8332545757293701
-0.7478830814361572,0.17402134835720062,1.8937499523162842,206.26760864257812,85.07826232910156,91.10098266601562,0.45401865243911743,1028.5877685546875,241.00628662109375,1056.4453125,275.8984680175781,0.2080525290220976,72,se3_log_map,0.833581268787384
-0.74488765001297,0.17466327548027039,1.8904643058776855,205.38917541503906,85.59773254394531,90.82705688476562,0.45239943265914917,1026.7498779296875,240.335693359375,1054.5029296875,275.03924560546875,0.20668320171535015,72,se3_log_map,0.8335849046707153
-0.7430388331413269,0.17551518976688385,1.8887194395065308,204.84939575195312,85.80165100097656,91.61984252929688,0.4587152600288391,1025.833251953125,240.24859619140625,1053.5906982421875,274.9941711425781,0.2725385338999331,72,se3_log_map,0.8365042209625244
-0.7419124245643616,0.17658205330371857,1.888085126876831,204.4747772216797,85.72054290771484,93.18058013916016,0.4623849093914032,1025.57666015625,240.5006561279297,1053.3983154296875,275.44110107421875,0.20829896116629243,72,se3_log_map,0.8382978439331055
-0.7400676012039185,0.17698976397514343,1.8866024017333984,204.01431274414062,85.87896728515625,94.06689453125,0.4585629105567932,1024.689208984375,240.5111541748047,1052.5367431640625,275.5053405761719,0.20669617131352425,72,se3_log_map,0.8377442955970764
-0.7375709414482117,0.17656591534614563,1.8842426538467407,203.35113525390625,86.2967529296875,94.11734008789062,0.4605407118797302,1023.1345825195312,240.1184844970703,1050.9334716796875,274.99542236328125,0.2082625161856413,72,se3_log_map,0.8390580415725708
-0.7345851063728333,0.17543746531009674,1.880884051322937,202.63418579101562,87.0561294555664,93.31852722167969,0.46350574493408203,1020.91064453125,239.47386169433594,1048.62109375,274.0837707519531,0.2071728347800672,72,se3_log_map,0.8408790826797485
-0.7325077056884766,0.17455311119556427,1.8774528503417969,202.36578369140625,87.96465301513672,92.6746597290039,0.45848631858825684,1018.849853515625,239.32882690429688,1046.5816650390625,273.7693176269531,0.29573649168014526,72,se3_log_map,0.8383866548538208
-0.7325832843780518,0.17430195212364197,1.875956416130066,202.51571655273438,88.46235656738281,93.31352996826172,0.4628913402557373,1018.1368408203125,239.88668823242188,1046.015380859375,274.46295166015625,0.20767165208235383,72,se3_log_map,0.8385148048400879
-0.7334213256835938,0.17449192702770233,1.875471591949463,202.71279907226562,88.63372802734375,94.38221740722656,0.4625867009162903,1018.0919189453125,240.5336151123047,1046.1202392578125,275.3330383300781,0.2093398068100214,72,se3_log_map,0.8388397693634033
-0.7337780594825745,0.17457732558250427,1.8747034072875977,202.56777954101562,88.83174133300781,94.94697570800781,0.4592577815055847,1017.8200073242188,240.70669555664062,1045.8953857421875,275.61346435546875,0.207676422316581,72,se3_log_map,0.8380403518676758
-0.7332035899162292,0.1743643879890442,1.8730266094207764,202.09605407714844,89.25004577636719,94.71067810058594,0.46213290095329285,1016.927978515625,240.37158203125,1044.9501953125,275.21209716796875,0.28414563508704305,72,se3_log_map,0.83869868516922
-0.7320752739906311,0.17409512400627136,1.8708851337432861,201.4461669921875,89.784912109375,93.97364044189453,0.46250319480895996,1015.7244262695312,239.73513793945312,1043.632568359375,274.4062194824219,0.20621163630858064,72,se3_log_map,0.8393316268920898
-0.7316604852676392,0.17427751421928406,1.8699795007705688,200.7987823486328,89.92155456542969,93.7843017578125,0.461099773645401,1015.283935546875,239.16842651367188,1043.0738525390625,273.7703857421875,0.2060827617533505,72,se3_log_map,0.8386204838752747
-0.7323064208030701,0.17468476295471191,1.8699833154678345,200.24948120117188,89.76545715332031,94.09053039550781,0.463400661945343,1015.4713134765625,238.76918029785156,1043.164794921875,273.40985107421875,0.2104791048914194,72,se3_log_map,0.8408734798431396
-0.7338564991950989,0.175521120429039,1.8708174228668213,199.68812561035156,89.31828308105469,94.89230346679688,0.4645015597343445,1016.2659912109375,238.4484405517578,1043.8651123046875,273.2284851074219,0.20736871100962162,72,se3_log_map,0.8413039445877075
-0.7354656457901001,0.17595894634723663,1.8709477186203003,199.2802734375,89.1606674194336,95.2325210571289,0.46317058801651,1016.6747436523438,238.18373107910156,1044.2025146484375,273.04986572265625,0.2874584561213851,72,se3_log_map,0.8417909741401672
-0.7365962862968445,0.1765100061893463,1.8702962398529053,199.16268920898438,89.3018798828125,95.15531921386719,0.4637230932712555,1016.6758422851562,238.10740661621094,1044.186279296875,273.0065612792969,0.2066272972151637,72,se3_log_map,0.8415265679359436
-0.7371784448623657,0.1768580675125122,1.8689169883728027,199.18289184570312,89.71813201904297,94.58255004882812,0.4656856954097748,1016.2186889648438,238.0525665283203,1043.7286376953125,272.90460205078125,0.20735615212470293,72,se3_log_map,0.8417075872421265
-0.7379063963890076,0.1772722452878952,1.8679306507110596,199.17242431640625,90.01278686523438,94.27610778808594,0.46502113342285156,1015.9761962890625,238.0334930419922,1043.4881591796875,272.881103515625,0.20818918477743864,72,se3_log_map,0.8405184745788574
-0.7385783791542053,0.17779739201068878,1.8671141862869263,199.1096954345703,90.2466812133789,94.02200317382812,0.4645463228225708,1015.82373046875,237.96905517578125,1043.3250732421875,272.81536865234375,0.2080977070145309,72,se3_log_map,0.839718222618103
-0.7399730682373047,0.1784641444683075,1.8673927783966064,198.97796630859375,90.11993408203125,94.39950561523438,0.46526509523391724,1016.312255859375,237.9602813720703,1043.7987060546875,272.91253662109375,0.20822191517800093,72,se3_log_map,0.8395989537239075
-0.7413061857223511,0.17948150634765625,1.8676499128341675,198.85043334960938,89.95439147949219,94.7642593383789,0.46489906311035156,1016.8515625,237.93603515625,1044.3182373046875,272.9901123046875,0.2086572670377791,72,se3_log_map,0.8401303291320801
-0.7418055534362793,0.17998868227005005,1.8671720027923584,198.68756103515625,90.07030487060547,94.6075210571289,0.4652048647403717,1016.820556640625,237.78138732910156,1044.2528076171875,272.8331298828125,0.20848513208329678,72,se3_log_map,0.8401050567626953
-0.7417268753051758,0.1802932322025299,1.866330862045288,198.55677795410156,90.3365478515625,94.25157165527344,0.46535640954971313,1016.489990234375,237.63174438476562,1043.8968505859375,272.6377258300781,0.2093245661817491,72,se3_log_map,0.8393588066101074
-0.741284966468811,0.18058356642723083,1.8653786182403564,198.47219848632812,90.66608428955078,93.75454711914062,0.463881254196167,1016.0460205078125,237.48992919921875,1043.432373046875,272.4223327636719,0.2736606253311038,72,se3_log_map,0.8381786942481995
-0.7413498163223267,0.18115563690662384,1.8654662370681763,198.37330627441406,90.68023681640625,93.86613464355469,0.4645233154296875,1016.21044921875,237.456787109375,1043.5848388671875,272.4207458496094,0.2095215949229896,72,se3_log_map,0.8389456868171692
-0.741661548614502,0.18142984807491302,1.8661894798278809,198.2144012451172,90.5373306274414,94.35421752929688,0.46536409854888916,1016.642822265625,237.46299743652344,1044.00732421875,272.51708984375,0.20818003080785275,72,se3_log_map,0.8393145799636841
-0.7415640950202942,0.1816929429769516,1.866795539855957,198.07196044921875,90.48851013183594,94.72325134277344,0.4647079110145569,1016.9520263671875,237.47244262695312,1044.310546875,272.59423828125,0.20835167495533824,72,se3_log_map,0.839902400970459
-0.740585446357727,0.18177738785743713,1.8666778802871704,197.96990966796875,90.70219421386719,94.5703125,0.4653835892677307,1016.7532958984375,237.4079132080078,1044.1024169921875,272.4974060058594,0.20742497686296701,72,se3_log_map,0.8400344252586365
-0.7390856742858887,0.1815943717956543,1.866175889968872,197.87449645996094,91.09174346923828,94.07139587402344,0.4652027487754822,1016.2417602539062,237.27926635742188,1043.574951171875,272.2726745605469,0.2935199369676411,72,se3_log_map,0.8400129079818726
-0.7382526397705078,0.1817890703678131,1.8666572570800781,197.70907592773438,91.10057067871094,94.18350982666016,0.4658701717853546,1016.3591918945312,237.18922424316406,1043.6689453125,272.1862487792969,0.20739163598045707,72,se3_log_map,0.8409039974212646
-0.7378242611885071,0.18269234895706177,1.86765718460083,197.71221923828125,90.90312957763672,94.6626205444336,0.46550506353378296,1016.9187622070312,237.30679321289062,1044.240478515625,272.3838806152344,0.20869009103626013,72,se3_log_map,0.8413472175598145
-0.7368565201759338,0.18367935717105865,1.8681526184082031,197.73899841308594,90.87378692626953,94.7360610961914,0.46486127376556396,1017.1785278320312,237.34716796875,1044.502685546875,272.43194580078125,0.2079981779679656,72,se3_log_map,0.8411107659339905
-0.7351850271224976,0.18425020575523376,1.867519736289978,197.772705078125,91.26657104492188,93.97998046875,0.4658769369125366,1016.7300415039062,237.22535705566406,1044.0382080078125,272.1801452636719,0.28403619630262256,72,se3_log_map,0.8410789966583252
-0.7340818047523499,0.18469849228858948,1.8676084280014038,197.65992736816406,91.43179321289062,93.65643310546875,0.4645693302154541,1016.6763305664062,237.0669708251953,1043.949951171875,271.96319580078125,0.20690586371347308,72,se3_log_map,0.8407451510429382
-0.7340109944343567,0.1854896992444992,1.8690307140350342,197.5590057373047,91.15031433105469,94.18292999267578,0.46644365787506104,1017.4633178710938,237.08302307128906,1044.7200927734375,272.0744323730469,0.20763703202828765,72,se3_log_map,0.8421207070350647
-0.7339591979980469,0.18625231087207794,1.870329737663269,197.51683044433594,90.93812561035156,94.4697494506836,0.46469610929489136,1018.1923828125,237.0805206298828,1045.4295654296875,272.13739013671875,0.20650747092440724,72,se3_log_map,0.8420788049697876
-0.7335301041603088,0.1870812177658081,1.871152639389038,197.61013793945312,90.95219421386719,94.43862915039062,0.4648791551589966,1018.6575927734375,237.15126037597656,1045.898681640625,272.2333679199219,0.20172902941703796,72,se3_log_map,0.841878354549408
-0.7330970168113708,0.1881353259086609,1.8715159893035889,197.89822387695312,91.10882568359375,94.13955688476562,0.46566879749298096,1018.9596557617188,237.3326416015625,1046.2340087890625,272.4132385253906,0.2818622221238911,72,se3_log_map,0.8413760662078857
-0.7324481010437012,0.1889301836490631,1.8714598417282104,197.94818115234375,91.380615234375,93.57037353515625,0.46623456478118896,1018.9850463867188,237.25369262695312,1046.2408447265625,272.273681640625,0.20298907021060586,72,se3_log_map,0.8413475155830383
-0.7322344779968262,0.18956118822097778,1.8720020055770874,197.82965087890625,91.48530578613281,93.34166717529297,0.46598124504089355,1019.3200073242188,237.10504150390625,1046.5333251953125,272.12017822265625,0.20314298896118999,72,se3_log_map,0.8416047692298889
-0.73231041431427,0.1902928501367569,1.8730757236480713,197.60360717773438,91.407470703125,93.45883178710938,0.46656596660614014,1019.9627685546875,236.93263244628906,1047.120361328125,271.9967041015625,0.20595387974753976,72,se3_log_map,0.8417878746986389
-0.732726514339447,0.19114983081817627,1.8742748498916626,197.475830078125,91.27149963378906,93.64994812011719,0.4663853645324707,1020.7435913085938,236.84910583496094,1047.862060546875,271.986572265625,0.20375625556334853,72,se3_log_map,0.842290461063385
-0.7330235242843628,0.19187332689762115,1.8748706579208374,197.41981506347656,91.298095703125,93.56069946289062,0.4664210081100464,1021.2059936523438,236.7773895263672,1048.29638671875,271.9440002441406,0.2041661599650979,72,se3_log_map,0.8421583771705627
-0.7333806753158569,0.19233639538288116,1.8750731945037842,197.4667510986328,91.46094512939453,93.30586242675781,0.46673715114593506,1021.44921875,236.77880859375,1048.5335693359375,271.9563903808594,0.20499216299504042,72,se3_log_map,0.8419342041015625
-0.7333365082740784,0.1925414353609085,1.8749964237213135,197.43692016601562,91.72305297851562,92.8438491821289,0.46535056829452515,1021.4482421875,236.67369079589844,1048.5089111328125,271.81414794921875,0.20294163888320327,72,se3_log_map,0.8410469889640808
-0.7335166931152344,0.1930340975522995,1.8759068250656128,197.36123657226562,91.67791748046875,93.02464294433594,0.46640339493751526,1021.9873046875,236.6640625,1049.031982421875,271.8679504394531,0.20620240503922105,72,se3_log_map,0.8411435484886169
-0.7340194582939148,0.19350937008857727,1.877560019493103,197.1986083984375,91.41069793701172,93.71031188964844,0.46561235189437866,1022.9115600585938,236.69564819335938,1049.939453125,272.0435485839844,0.2763690403662622,72,se3_log_map,0.841038703918457
-0.7338229417800903,0.19348159432411194,1.8779296875,197.05213928222656,91.55953216552734,93.68988800048828,0.4658452868461609,1023.040283203125,236.62310791015625,1050.0484619140625,271.9895324707031,0.2061595837585628,72,se3_log_map,0.84142005443573
-0.7332535982131958,0.1931874006986618,1.8772536516189575,197.0011444091797,92.02263641357422,93.15235900878906,0.4666125774383545,1022.581787109375,236.5480499267578,1049.5849609375,271.8487854003906,0.20400722324848175,72,se3_log_map,0.8413453102111816
-0.7326914668083191,0.1927952766418457,1.8767647743225098,196.82920837402344,92.4029541015625,92.7235107421875,0.4643532633781433,1022.1896362304688,236.38462829589844,1049.166015625,271.6258544921875,0.2030354831367731,72,se3_log_map,0.8405165672302246
-0.73258376121521,0.19252271950244904,1.8773516416549683,196.64874267578125,92.46580505371094,93.02425384521484,0.465903639793396,1022.3821411132812,236.37716674804688,1049.3519287109375,271.68096923828125,0.20401242980733514,72,se3_log_map,0.8412643671035767
-0.732935905456543,0.19261573255062103,1.8787306547164917,196.40872192382812,92.24313354492188,93.876953125,0.46601802110671997,1023.081298828125,236.42771911621094,1050.0445556640625,271.8861999511719,0.2606264278292656,72,se3_log_map,0.8415689468383789
-0.7330954670906067,0.19253641366958618,1.8791794776916504,196.3005828857422,92.29080200195312,94.26435089111328,0.463988721370697,1023.294677734375,236.51063537597656,1050.27099609375,272.0542297363281,0.20380382286384702,72,se3_log_map,0.8413019180297852
-0.7327044606208801,0.19238045811653137,1.878331184387207,196.31741333007812,92.74417114257812,93.81037902832031,0.46658194065093994,1022.815673828125,236.52145385742188,1049.8067626953125,272.016845703125,0.20495838019996881,72,se3_log_map,0.841494083404541
-0.7323941588401794,0.19221021234989166,1.8775912523269653,196.26763916015625,93.14061737060547,93.38456726074219,0.4662604331970215,1022.3964233398438,236.46742248535156,1049.3861083984375,271.9149169921875,0.20400386862456799,72,se3_log_map,0.84075528383255
-0.7322709560394287,0.19232244789600372,1.877593755722046,195.99334716796875,93.26261901855469,93.29588317871094,0.46603578329086304,1022.3995361328125,236.25289916992188,1049.3408203125,271.6934814453125,0.20467578992247581,72,se3_log_map,0.8413019776344299
-0.7325899600982666,0.19281022250652313,1.8785514831542969,195.64617919921875,93.04153442382812,93.81346893310547,0.46664679050445557,1022.9818725585938,236.08285522460938,1049.8699951171875,271.6127014160156,0.29019707813858986,72,se3_log_map,0.8424661755561829
-0.7329201698303223,0.1932174116373062,1.8790733814239502,195.4387969970703,92.94639587402344,94.12052917480469,0.4654080867767334,1023.3535766601562,235.99583435058594,1050.212646484375,271.589599609375,0.20417002495378256,72,se3_log_map,0.8415725231170654
-0.7331411838531494,0.19334472715854645,1.8785035610198975,195.5460968017578,93.21026611328125,93.82868957519531,0.46672481298446655,1023.158447265625,236.0725555419922,1050.039794921875,271.6539001464844,0.20305634988471866,72,se3_log_map,0.8421616554260254
-0.7332453727722168,0.19341222941875458,1.877646803855896,195.62351989746094,93.53048706054688,93.36962890625,0.46627575159072876,1022.802734375,236.0813446044922,1049.6951904296875,271.61669921875,0.2041057557798922,72,se3_log_map,0.841037929058075
-0.7331598997116089,0.19355084002017975,1.8773213624954224,195.44302368164062,93.66796112060547,93.07980346679688,0.4649136960506439,1022.6693115234375,235.871826171875,1049.5179443359375,271.3643798828125,0.20511961495503783,72,se3_log_map,0.8411082029342651
-0.7336495518684387,0.1938880980014801,1.8784714937210083,195.20623779296875,93.3577880859375,93.74433898925781,0.4667641222476959,1023.3369140625,235.81593322753906,1050.156005859375,271.4208679199219,0.2043175850994885,72,se3_log_map,0.8422207832336426
-0.7341125011444092,0.1942368596792221,1.8793234825134277,195.03453063964844,93.12581634521484,94.29826354980469,0.4642479717731476,1023.8679809570312,235.80299377441406,1050.6705322265625,271.50653076171875,0.20221000304445624,72,se3_log_map,0.8413281440734863
-0.7340237498283386,0.1942790299654007,1.8788011074066162,195.03274536132812,93.32471466064453,94.02642822265625,0.46611618995666504,1023.626220703125,235.77159118652344,1050.427978515625,271.4419860839844,0.20316181564703584,72,se3_log_map,0.8416898250579834
-0.733807384967804,0.1940566897392273,1.8775643110275269,195.1410369873047,93.75291442871094,93.291015625,0.466035395860672,1022.9877319335938,235.7389373779297,1049.7984619140625,271.30767822265625,0.20420918008312583,72,se3_log_map,0.8414617776870728
-0.7335713505744934,0.1940397471189499,1.8770136833190918,195.1162872314453,93.9494857788086,92.91567993164062,0.463401734828949,1022.6968383789062,235.64845275878906,1049.49462890625,271.1595458984375,0.28379160258919,72,se3_log_map,0.8403362035751343
-0.7336419224739075,0.19395922124385834,1.8776860237121582,194.8924560546875,93.83647155761719,93.22784423828125,0.4658035635948181,1022.9957275390625,235.5414581298828,1049.7618408203125,271.1010437011719,0.20315213920548558,72,se3_log_map,0.8417016267776489
-0.7339392900466919,0.19402442872524261,1.8788299560546875,194.6956787109375,93.57337951660156,93.91195678710938,0.46647417545318604,1023.5740966796875,235.54583740234375,1050.3265380859375,271.2177734375,0.20410088589414954,72,se3_log_map,0.8421335816383362
-0.7342621088027954,0.1940677911043167,1.8793128728866577,194.74195861816406,93.46365356445312,94.2498550415039,0.46534818410873413,1023.854248046875,235.67544555664062,1050.6285400390625,271.4144287109375,0.2031878149136901,72,se3_log_map,0.8412689566612244
-0.7342457175254822,0.19376970827579498,1.8786903619766235,194.91574096679688,93.72029113769531,93.84913635253906,0.4668157696723938,1023.5109252929688,235.7611083984375,1050.313232421875,271.4538269042969,0.20407309802249074,72,se3_log_map,0.8418673276901245
-0.7341613173484802,0.1934940069913864,1.8780807256698608,195.0056610107422,93.99031066894531,93.43525695800781,0.46596017479896545,1023.1668701171875,235.77857971191406,1049.98193359375,271.4208984375,0.2545720706693828,72,se3_log_map,0.841205358505249
-0.7341169118881226,0.19336888194084167,1.878225564956665,194.9103240966797,93.99980926513672,93.45258331298828,0.4660816490650177,1023.1997680664062,235.71038818359375,1049.9986572265625,271.3547668457031,0.2041469570249319,72,se3_log_map,0.8414455652236938
-0.7341177463531494,0.19320113956928253,1.8790245056152344,194.68499755859375,93.79517364501953,93.88223266601562,0.4668058156967163,1023.5267944335938,235.61337280273438,1050.2955322265625,271.3115539550781,0.2050976511090994,72,se3_log_map,0.8417472243309021
-0.7341660261154175,0.19321060180664062,1.8796555995941162,194.55908203125,93.62205505371094,94.27473449707031,0.4656655788421631,1023.8213500976562,235.59722900390625,1050.5789794921875,271.3507385253906,0.2089985846541822,72,se3_log_map,0.84135901927948
-0.7340269088745117,0.19306011497974396,1.8791950941085815,194.68826293945312,93.78273010253906,94.00752258300781,0.4666975140571594,1023.560546875,235.6610565185547,1050.339111328125,271.37762451171875,0.20937545085325837,72,se3_log_map,0.8420394659042358
-0.7338511347770691,0.19283318519592285,1.878415584564209,194.91041564941406,94.03073120117188,93.58724975585938,0.46634358167648315,1023.1343383789062,235.77621459960938,1049.9495849609375,271.4346008300781,0.28390785586088896,72,se3_log_map,0.8414521217346191
-0.733689546585083,0.19278815388679504,1.8781368732452393,195.01040649414062,94.08454895019531,93.42564392089844,0.4656434655189514,1022.9727172851562,235.81626892089844,1049.8011474609375,271.4447326660156,0.2041481458581984,72,se3_log_map,0.8413947820663452
-0.7336220741271973,0.19305887818336487,1.8787097930908203,194.89266967773438,93.85806274414062,93.79306030273438,0.46671152114868164,1023.274169921875,235.77452087402344,1050.0855712890625,271.4449157714844,0.20305125834420323,72,se3_log_map,0.8416390419006348
-0.7337551116943359,0.19346857070922852,1.8794105052947998,194.80807495117188,93.55624389648438,94.25801086425781,0.46563756465911865,1023.6943969726562,235.77008056640625,1050.4940185546875,271.5016174316406,0.203936449252069,72,se3_log_map,0.8414473533630371
-0.7335473299026489,0.19364811480045319,1.8790405988693237,194.91995239257812,93.59011840820312,94.07540893554688,0.4664357304573059,1023.52880859375,235.8030548095703,1050.340087890625,271.4979248046875,0.20397187396883965,72,se3_log_map,0.8419306874275208
-0.7334572672843933,0.19384898245334625,1.878291130065918,195.14913940429688,93.73027801513672,93.67070007324219,0.46672797203063965,1023.2157592773438,235.8871612548828,1050.053955078125,271.5215148925781,0.20530145708471537,72,se3_log_map,0.8414627313613892
-0.7335891723632812,0.19411206245422363,1.8779921531677246,195.35189819335938,93.71505737304688,93.57955932617188,0.46647512912750244,1023.1555786132812,236.01272583007812,1050.0235595703125,271.63623046875,0.20408097375184298,72,se3_log_map,0.8409547805786133
-0.7336931228637695,0.19449841976165771,1.8781068325042725,195.40945434570312,93.55903625488281,93.68658447265625,0.46676570177078247,1023.3018188476562,236.0409393310547,1050.17236328125,271.6740417480469,0.2051592329517007,72,se3_log_map,0.8414887189865112
-0.7335656881332397,0.19508521258831024,1.878385066986084,195.291259765625,93.35845947265625,93.87930297851562,0.46649980545043945,1023.5235595703125,235.94024658203125,1050.36572265625,271.5852966308594,0.2031076760031283,72,se3_log_map,0.8415378332138062
-0.7331574559211731,0.1953885704278946,1.8782236576080322,195.21395874023438,93.32182312011719,93.81068420410156,0.46650946140289307,1023.443359375,235.83447265625,1050.263916015625,271.44647216796875,0.27973871398717165,72,se3_log_map,0.8418192863464355
-0.7327542901039124,0.1956271231174469,1.8775720596313477,195.31832885742188,93.41063690185547,93.4044189453125,0.46661242842674255,1023.1301879882812,235.79478454589844,1049.94970703125,271.3272399902344,0.20323048811405897,72,se3_log_map,0.8420248627662659
-0.7325096130371094,0.19583848118782043,1.8772034645080566,195.53814697265625,93.42947387695312,93.21087646484375,0.466471403837204,1022.96533203125,235.90782165527344,1049.814453125,271.40234375,0.20415106788277626,72,se3_log_map,0.8415424823760986
-0.732520580291748,0.19593079388141632,1.877155065536499,195.7926025390625,93.3832778930664,93.20140075683594,0.466425359249115,1022.9638671875,236.0967559814453,1049.8555908203125,271.5914306640625,0.20515091205015779,72,se3_log_map,0.8408880829811096
-0.7324000597000122,0.19596755504608154,1.8775572776794434,195.88893127441406,93.23710632324219,93.395751953125,0.4667161703109741,1023.132568359375,236.1956787109375,1050.042236328125,271.71209716796875,0.20424808887764812,72,se3_log_map,0.8411687612533569
-0.7322896718978882,0.1959642618894577,1.8780461549758911,195.9133758544922,93.06358337402344,93.62110900878906,0.466671884059906,1023.3342895507812,236.23672485351562,1050.248046875,271.7760009765625,0.28204178996384144,72,se3_log_map,0.8413273692131042
-0.7322008609771729,0.1957307904958725,1.8784202337265015,195.844482421875,92.94613647460938,93.74177551269531,0.4661937952041626,1023.4415283203125,236.18121337890625,1050.3399658203125,271.72491455078125,0.2022468908689916,72,se3_log_map,0.8415349125862122
-0.7318626642227173,0.1952974796295166,1.8779867887496948,195.8595428466797,93.08830261230469,93.37565612792969,0.4667299687862396,1023.10302734375,236.10464477539062,1049.992919921875,271.5777282714844,0.20421184320002794,72,se3_log_map,0.8421183824539185
-0.7318408489227295,0.1949523687362671,1.8776681423187256,195.9872283935547,93.16398620605469,93.15220642089844,0.4664514660835266,1022.8867797851562,236.15219116210938,1049.79296875,271.5876159667969,0.20417870813980699,72,se3_log_map,0.8414624929428101
-0.7320528626441956,0.19454018771648407,1.8776869773864746,196.09779357910156,93.17547607421875,93.15509033203125,0.46640437841415405,1022.84814453125,236.24961853027344,1049.7772216796875,271.6914978027344,0.20462709898129106,72,se3_log_map,0.8411204218864441
-0.7323940992355347,0.19421614706516266,1.8781005144119263,196.09402465820312,93.05805969238281,93.38371276855469,0.46667537093162537,1023.026611328125,236.29046630859375,1049.9603271484375,271.7707824707031,0.28573636803776026,72,se3_log_map,0.8415379524230957
-0.7329564690589905,0.19382700324058533,1.8788845539093018,196.0579833984375,92.83511352539062,93.83145141601562,0.46644389629364014,1023.3961181640625,236.35023498535156,1050.333740234375,271.9059753417969,0.20216849725693464,72,se3_log_map,0.8412923812866211
-0.7331289649009705,0.1931569129228592,1.879019021987915,195.92721557617188,92.8109359741211,93.87834167480469,0.46649274230003357,1023.3514404296875,236.2509002685547,1050.267822265625,271.804931640625,0.20395319582894444,72,se3_log_map,0.8415724635124207
-0.7330521941184998,0.19236205518245697,1.8785675764083862,195.81036376953125,92.962646484375,93.57144927978516,0.4666641354560852,1022.9763793945312,236.0918731689453,1049.86669921875,271.58428955078125,0.20493564661592245,72,se3_log_map,0.8420066237449646
-0.7331485152244568,0.19160649180412292,1.8780381679534912,195.7928009033203,93.12655639648438,93.2815170288086,0.4660210609436035,1022.6026611328125,236.0271453857422,1049.4879150390625,271.4702453613281,0.20535230403766036,72,se3_log_map,0.842054009437561
-0.7335389852523804,0.19107592105865479,1.8780765533447266,195.7806396484375,93.0982666015625,93.42806243896484,0.4663340449333191,1022.5787353515625,236.06385803222656,1049.472900390625,271.5314025878906,0.20559081202372909,72,se3_log_map,0.8419742584228516
-0.734059751033783,0.19090451300144196,1.8784011602401733,195.7250213623047,92.93418884277344,93.79513549804688,0.46685582399368286,1022.7772216796875,236.09866333007812,1049.6741943359375,271.6243896484375,0.20396525925025344,72,se3_log_map,0.8419902324676514
-0.734870195388794,0.19066345691680908,1.878969669342041,195.66526794433594,92.67132568359375,94.34576416015625,0.46550309658050537,1023.1198120117188,236.16519165039062,1050.02294921875,271.7804870605469,0.2030451106838882,72,se3_log_map,0.8412629961967468
-0.7349340319633484,0.19045470654964447,1.8784840106964111,195.75938415527344,92.75028991699219,94.234375,0.46612852811813354,1022.8695678710938,236.22970581054688,1049.7935791015625,271.824951171875,0.2039731377735734,72,se3_log_map,0.8416655659675598
-0.7345663905143738,0.19040918350219727,1.8774793148040771,195.8140411376953,92.96745300292969,93.72361755371094,0.46669161319732666,1022.3463745117188,236.1571502685547,1049.267578125,271.65875244140625,0.27184344409033656,72,se3_log_map,0.841544508934021
-0.7344127893447876,0.19070887565612793,1.8769629001617432,195.86453247070312,92.98265075683594,93.5644760131836,0.46641427278518677,1022.1478881835938,236.14190673828125,1049.0706787109375,271.60540771484375,0.2043336322531104,72,se3_log_map,0.8416944742202759
-0.7341364026069641,0.191128671169281,1.8767516613006592,195.70936584472656,92.87879943847656,93.56029510498047,0.46662455797195435,1022.0906982421875,235.97067260742188,1048.9764404296875,271.40399169921875,0.20420749858021736,72,se3_log_map,0.8421233892440796
-0.7340142726898193,0.19175435602664948,1.8766887187957764,195.62997436523438,92.72351837158203,93.75726318359375,0.4666275680065155,1022.1669921875,235.9219512939453,1049.039794921875,271.3659973144531,0.20764978229999542,72,se3_log_map,0.8424715995788574
-0.7343035936355591,0.1922408789396286,1.876694917678833,195.78419494628906,92.59053039550781,94.042724609375,0.4663722813129425,1022.3147583007812,236.11119079589844,1049.226318359375,271.60516357421875,0.2033043340779841,72,se3_log_map,0.8420937657356262
-0.7345376014709473,0.1926102638244629,1.8761690855026245,196.14834594726562,92.623046875,94.05233764648438,0.46637579798698425,1022.1905517578125,236.42979431152344,1049.177001953125,271.93988037109375,0.2705766009166837,72,se3_log_map,0.8414931297302246
-0.7342835068702698,0.19262388348579407,1.8754067420959473,196.21153259277344,92.78975677490234,93.77371978759766,0.466422975063324,1021.8070678710938,236.43692016601562,1048.8050537109375,271.8962707519531,0.20427085738629103,72,se3_log_map,0.84122234582901
-0.7336662411689758,0.19286158680915833,1.874739408493042,195.97409057617188,92.89076232910156,93.38514709472656,0.46639391779899597,1021.4511108398438,236.12564086914062,1048.38818359375,271.491455078125,0.20409843605011702,72,se3_log_map,0.8414620757102966
-0.7335019111633301,0.19305312633514404,1.8746368885040283,195.81179809570312,92.84339904785156,93.37018585205078,0.46640560030937195,1021.4159545898438,235.96641540527344,1048.318115234375,271.31195068359375,0.20417096000164747,72,se3_log_map,0.8420234322547913
-0.7336810231208801,0.19318297505378723,1.8749758005142212,195.7913055419922,92.6942138671875,93.64964294433594,0.46663743257522583,1021.6245727539062,236.0015106201172,1048.5291748046875,271.388427734375,0.20486683398485184,72,se3_log_map,0.8423247337341309
-0.734305739402771,0.1937464028596878,1.8753336668014526,196.09500122070312,92.48784637451172,94.0357666015625,0.46587949991226196,1022.0025634765625,236.32598876953125,1048.9705810546875,271.7969970703125,0.28309625713154674,72,se3_log_map,0.8413047790527344
-0.7342475652694702,0.19391793012619019,1.875152587890625,196.2522430419922,92.52159118652344,93.9300537109375,0.46620258688926697,1021.9454956054688,236.42767333984375,1048.9378662109375,271.8868713378906,0.20505617931485176,72,se3_log_map,0.8413355350494385
-0.733754575252533,0.19334600865840912,1.8746968507766724,196.16249084472656,92.74116516113281,93.49806213378906,0.4666227698326111,1021.5435180664062,236.26792907714844,1048.51025390625,271.6457824707031,0.20518752606585622,72,se3_log_map,0.8414456248283386
-0.7334226369857788,0.19277465343475342,1.874756932258606,196.02691650390625,92.81048583984375,93.32354736328125,0.4663005471229553,1021.4011840820312,236.1135711669922,1048.3367919921875,271.44976806640625,0.2029219726100564,72,se3_log_map,0.8416404724121094
-0.7333412170410156,0.19226430356502533,1.8756046295166016,195.84390258789062,92.68496704101562,93.64892578125,0.4665600061416626,1021.6680908203125,236.04122924804688,1048.58056640625,271.4204406738281,0.21406730078160763,72,se3_log_map,0.8423010110855103
-0.7334824204444885,0.19186903536319733,1.876280426979065,195.96018981933594,92.62064361572266,93.89794158935547,0.46663230657577515,1021.9173583984375,236.2113494873047,1048.8616943359375,271.64422607421875,0.20858633797615767,72,se3_log_map,0.842481791973114
-0.7336558699607849,0.19158367812633514,1.8767716884613037,196.20611572265625,92.64472961425781,94.12266540527344,0.466362327337265,1022.11083984375,236.51419067382812,1049.118408203125,272.0115051269531,0.20854397397488356,72,se3_log_map,0.8412510752677917
-0.7332034111022949,0.19114477932453156,1.8766529560089111,196.21368408203125,92.84283447265625,93.9125747680664,0.4666447937488556,1021.8945922851562,236.51463317871094,1048.9078369140625,271.9808654785156,0.20962239103391767,72,se3_log_map,0.8413082361221313
-0.7325090169906616,0.19039274752140045,1.8766436576843262,195.86346435546875,93.04292297363281,93.53060150146484,0.4663192629814148,1021.6254272460938,236.15133666992188,1048.563720703125,271.5373229980469,0.20989378774538636,72,se3_log_map,0.8424966931343079
-0.7325610518455505,0.19010421633720398,1.8771748542785645,195.7376708984375,93.02796936035156,93.62625122070312,0.4663811922073364,1021.8162841796875,236.07904052734375,1048.7333984375,271.48773193359375,0.24772975593805313,72,se3_log_map,0.8425473570823669
-0.7330164909362793,0.18999792635440826,1.8775358200073242,195.89071655273438,93.00177764892578,93.79388427734375,0.46676307916641235,1022.0333251953125,236.2621307373047,1048.986083984375,271.7241516113281,0.20665286295115948,72,se3_log_map,0.8418231010437012
-0.7338768839836121,0.1900639683008194,1.8781523704528809,196.08999633789062,92.84600830078125,94.15745544433594,0.4663870334625244,1022.467041015625,236.51065063476562,1049.4647216796875,272.0647277832031,0.20974399568513036,72,se3_log_map,0.8413276672363281
-0.7342811822891235,0.189873605966568,1.8783445358276367,196.03009033203125,92.81756591796875,94.119140625,0.4665467143058777,1022.58251953125,236.43458557128906,1049.56005859375,271.992919921875,0.21074591670185328,72,se3_log_map,0.8415577411651611
-0.7343219518661499,0.18945719301700592,1.878326416015625,195.79518127441406,92.86043548583984,93.89776611328125,0.4669407606124878,1022.4979858398438,236.16859436035156,1049.4178466796875,271.6834411621094,0.21228077867999673,72,se3_log_map,0.8417642116546631
-0.7345093488693237,0.18902161717414856,1.8783776760101318,195.51705932617188,92.86569213867188,93.76225280761719,0.4665433168411255,1022.4652099609375,235.88624572753906,1049.3223876953125,271.3714904785156,0.2989299432374537,72,se3_log_map,0.8423382043838501
-0.7351850271224976,0.1888064593076706,1.8785781860351562,195.46987915039062,92.78660583496094,93.82138061523438,0.466622531414032,1022.62451171875,235.8395233154297,1049.467041015625,271.3466796875,0.20884231012314558,72,se3_log_map,0.8421672582626343
-0.7362217903137207,0.18882083892822266,1.8787055015563965,195.6275177001953,92.69274139404297,93.89384460449219,0.46681463718414307,1022.8562622070312,235.96212768554688,1049.720458984375,271.5118103027344,0.20756784407421947,72,se3_log_map,0.8416601419448853
-0.7372580170631409,0.18892265856266022,1.8789421319961548,195.7731170654297,92.56700897216797,94.0828628540039,0.46656912565231323,1023.1548461914062,236.1087646484375,1050.0443115234375,271.7198486328125,0.2086699977517128,72,se3_log_map,0.8416159152984619
-0.7374962568283081,0.18876835703849792,1.878829002380371,195.5731201171875,92.59589385986328,93.99298095703125,0.4668242335319519,1023.1123046875,235.91847229003906,1049.960205078125,271.5146789550781,0.27567211678251624,72,se3_log_map,0.8415883183479309
-0.7372074723243713,0.18842358887195587,1.8786144256591797,195.17391967773438,92.7156753540039,93.81962585449219,0.46662551164627075,1022.89892578125,235.56564331054688,1049.6729736328125,271.1161193847656,0.20720779383555055,72,se3_log_map,0.8420568704605103
-0.7372186779975891,0.18850219249725342,1.8785645961761475,195.02090454101562,92.73596954345703,93.83972930908203,0.4665679335594177,1022.8941650390625,235.45489501953125,1049.6435546875,271.00689697265625,0.20946042891591787,72,se3_log_map,0.8424354195594788
-0.7376740574836731,0.18901289999485016,1.878494381904602,195.13279724121094,92.70198059082031,93.8947525024414,0.46679413318634033,1023.0399169921875,235.55612182617188,1049.8082275390625,271.1378479003906,0.20856944704428315,72,se3_log_map,0.841745138168335
-0.7381996512413025,0.18950830399990082,1.8784441947937012,195.31674194335938,92.67920684814453,93.96011352539062,0.46686503291130066,1023.20361328125,235.7256317138672,1050.005859375,271.3456726074219,0.20921209873631597,72,se3_log_map,0.8415173292160034
-0.7382463216781616,0.18991725146770477,1.8782929182052612,195.34677124023438,92.73715209960938,93.92318725585938,0.46681463718414307,1023.22509765625,235.75857543945312,1050.0341796875,271.38629150390625,0.29737522499635816,72,se3_log_map,0.8413857221603394
-0.7379121780395508,0.18995213508605957,1.8781685829162598,195.1099090576172,92.84456634521484,93.7949447631836,0.46683359146118164,1023.1206665039062,235.55355834960938,1049.8863525390625,271.1541748046875,0.0,72,se3_log_map,0.8417401909828186
