idx,status,source_csv,overlay_path,drr_path,alpha,beta,gamma,bx,by,bz,ncc,ssim,fiducial,tre,alpha2,beta2,bx2,by2,bz2,gamma2,geo_d,geo_r,geo_se3,geo_t,parameterization,time
3,ok,/home/zsr/project/diffpose/ours/case/sxh/runs/mask/sxh_xray003_se3_log_map.csv,/home/zsr/project/diffpose/ours/case/sxh/mrcp_xray_overlays/overlay/sxh_xray003_overlay.png,/home/zsr/project/diffpose/ours/case/sxh/mrcp_xray_overlays/drr/sxh_xray003_drr.png,-1.008821725845337,-0.0177175737917423,1.852844476699829,258.43701171875,60.80742263793945,126.32211303710938,0.6254249811172485,0.5888513922691345,1.7025972604751587,1.9367812871932983,0.0,0.0,0.0,0.0,0.0,0.0,13.079140663146973,12.190120697021484,4.739902019500732,4.739701271057129,se3_log_map,0.0
4,ok,/home/zsr/project/diffpose/ours/case/sxh/runs/mask/sxh_xray004_se3_log_map.csv,/home/zsr/project/diffpose/ours/case/sxh/mrcp_xray_overlays/overlay/sxh_xray004_overlay.png,/home/zsr/project/diffpose/ours/case/sxh/mrcp_xray_overlays/drr/sxh_xray004_drr.png,-1.0151758193969729,-0.0221116989850997,1.853258490562439,257.6585998535156,59.86410140991211,126.78761291503906,0.619242250919342,0.5843572616577148,1.312861084938049,2.176655530929565,0.0,0.0,0.0,0.0,0.0,0.0,9.463760375976562,8.65275764465332,3.833175182342529,3.833072185516357,se3_log_map,0.0
5,ok,/home/zsr/project/diffpose/ours/case/sxh/runs/mask/sxh_xray005_se3_log_map.csv,/home/zsr/project/diffpose/ours/case/sxh/mrcp_xray_overlays/overlay/sxh_xray005_overlay.png,/home/zsr/project/diffpose/ours/case/sxh/mrcp_xray_overlays/drr/sxh_xray005_drr.png,-1.0097026824951172,-0.0200422387570142,1.853359937667847,258.2196655273437,60.76481246948242,126.41333770751952,0.6210380792617798,0.5919316411018372,1.692817211151123,1.8918421268463133,0.0,0.0,0.0,0.0,0.0,0.0,12.355548858642578,11.506362915039062,4.501584529876709,4.501453876495361,se3_log_map,0.0
6,ok,/home/zsr/project/diffpose/ours/case/sxh/runs/mask/sxh_xray006_se3_log_map.csv,/home/zsr/project/diffpose/ours/case/sxh/mrcp_xray_overlays/overlay/sxh_xray006_overlay.png,/home/zsr/project/diffpose/ours/case/sxh/mrcp_xray_overlays/drr/sxh_xray006_drr.png,-1.0084538459777832,-0.0187073238193988,1.8501569032669067,258.897705078125,62.28814315795898,126.94538879394533,0.6243390440940857,0.5979995727539062,1.39400053024292,1.2830406427383425,0.0,0.0,0.0,0.0,0.0,0.0,13.268468856811523,12.10589599609375,5.431520462036133,5.431338787078857,se3_log_map,0.0
7,ok,/home/zsr/project/diffpose/ours/case/sxh/runs/mask/sxh_xray007_se3_log_map.csv,/home/zsr/project/diffpose/ours/case/sxh/mrcp_xray_overlays/overlay/sxh_xray007_overlay.png,/home/zsr/project/diffpose/ours/case/sxh/mrcp_xray_overlays/drr/sxh_xray007_drr.png,-1.010711669921875,-0.0117066195234656,1.8508925437927248,259.3172302246094,60.22881317138672,125.4417724609375,0.6085792183876038,0.5763028264045715,1.5217198133468628,2.5101799964904785,0.0,0.0,0.0,0.0,0.0,0.0,13.804004669189451,12.512383460998535,5.83033561706543,5.830153465270996,se3_log_map,0.0
8,ok,/home/zsr/project/diffpose/ours/case/sxh/runs/mask/sxh_xray008_se3_log_map.csv,/home/zsr/project/diffpose/ours/case/sxh/mrcp_xray_overlays/overlay/sxh_xray008_overlay.png,/home/zsr/project/diffpose/ours/case/sxh/mrcp_xray_overlays/drr/sxh_xray008_drr.png,-1.0115046501159668,-0.0067788581363856,1.8513246774673464,259.01141357421875,59.839820861816406,123.99308776855467,0.6039438247680664,0.5766531229019165,1.4580732583999634,2.54563570022583,0.0,0.0,0.0,0.0,0.0,0.0,15.081520080566406,13.703754425048828,6.297815322875977,6.297558307647705,se3_log_map,0.0
9,ok,/home/zsr/project/diffpose/ours/case/sxh/runs/mask/sxh_xray009_se3_log_map.csv,/home/zsr/project/diffpose/ours/case/sxh/mrcp_xray_overlays/overlay/sxh_xray009_overlay.png,/home/zsr/project/diffpose/ours/case/sxh/mrcp_xray_overlays/drr/sxh_xray009_drr.png,-1.011960744857788,-0.0139568215236067,1.8497314453125,257.6853332519531,61.1451530456543,125.40066528320312,0.6073179841041565,0.5696829557418823,1.5057507753372192,1.3727962970733645,0.0,0.0,0.0,0.0,0.0,0.0,12.23737621307373,11.378134727478027,4.504758834838867,4.50459098815918,se3_log_map,0.0
10,ok,/home/zsr/project/diffpose/ours/case/sxh/runs/mask/sxh_xray010_se3_log_map.csv,/home/zsr/project/diffpose/ours/case/sxh/mrcp_xray_overlays/overlay/sxh_xray010_overlay.png,/home/zsr/project/diffpose/ours/case/sxh/mrcp_xray_overlays/drr/sxh_xray010_drr.png,-1.0240793228149414,-0.0204611718654632,1.8506505489349363,255.7210693359375,60.62609100341797,126.77001953125,0.5973508954048157,0.5635522603988647,0.3947352468967438,0.473493218421936,0.0,0.0,0.0,0.0,0.0,0.0,4.978079795837402,4.531497955322266,2.060783624649048,2.0607542991638184,se3_log_map,0.0
11,ok,/home/zsr/project/diffpose/ours/case/sxh/runs/mask/sxh_xray011_se3_log_map.csv,/home/zsr/project/diffpose/ours/case/sxh/mrcp_xray_overlays/overlay/sxh_xray011_overlay.png,/home/zsr/project/diffpose/ours/case/sxh/mrcp_xray_overlays/drr/sxh_xray011_drr.png,-1.0030981302261353,-0.0214442946016788,1.847908854484558,257.5062561035156,65.37091827392578,126.60377502441406,0.5778441429138184,0.569695770740509,1.6944290399551392,3.268927335739136,0.0,0.0,0.0,0.0,0.0,0.0,15.823495864868164,14.47411823272705,6.394247055053711,6.393967628479004,se3_log_map,0.0
12,ok,/home/zsr/project/diffpose/ours/case/sxh/runs/mask/sxh_xray012_se3_log_map.csv,/home/zsr/project/diffpose/ours/case/sxh/mrcp_xray_overlays/overlay/sxh_xray012_overlay.png,/home/zsr/project/diffpose/ours/case/sxh/mrcp_xray_overlays/drr/sxh_xray012_drr.png,-1.0302761793136597,-0.0220514796674251,1.8505412340164185,254.21990966796875,60.26790237426758,126.98567199707033,0.5699472427368164,0.5773416757583618,0.1559041142463684,0.1575156152248382,0.0,0.0,0.0,0.0,0.0,0.0,1.924857497215271,1.750718116760254,0.7999909520149231,0.7999764680862427,se3_log_map,0.0
13,ok,/home/zsr/project/diffpose/ours/case/sxh/runs/mask/sxh_xray013_se3_log_map.csv,/home/zsr/project/diffpose/ours/case/sxh/mrcp_xray_overlays/overlay/sxh_xray013_overlay.png,/home/zsr/project/diffpose/ours/case/sxh/mrcp_xray_overlays/drr/sxh_xray013_drr.png,-0.9984503388404846,-0.0103747313842177,1.8485499620437624,259.1737365722656,63.90550994873047,124.88768768310548,0.582025408744812,0.5703213214874268,2.345377922058105,2.386591672897339,0.0,0.0,0.0,0.0,0.0,0.0,19.53341293334961,18.229387283325195,7.017856121063232,7.017375469207764,se3_log_map,0.0
14,ok,/home/zsr/project/diffpose/ours/case/sxh/runs/mask/sxh_xray014_se3_log_map.csv,/home/zsr/project/diffpose/ours/case/sxh/mrcp_xray_overlays/overlay/sxh_xray014_overlay.png,/home/zsr/project/diffpose/ours/case/sxh/mrcp_xray_overlays/drr/sxh_xray014_drr.png,-1.0345909595489502,-0.0204846281558275,1.8496904373168943,253.2142639160156,59.6213264465332,126.73004150390624,0.5774824619293213,0.59012371301651,0.4483898878097534,0.3874973952770233,0.0,0.0,0.0,0.0,0.0,0.0,3.035650968551636,2.710391044616699,1.3670743703842163,1.3670613765716553,se3_log_map,0.0
15,ok,/home/zsr/project/diffpose/ours/case/sxh/runs/mask/sxh_xray015_se3_log_map.csv,/home/zsr/project/diffpose/ours/case/sxh/mrcp_xray_overlays/overlay/sxh_xray015_overlay.png,/home/zsr/project/diffpose/ours/case/sxh/mrcp_xray_overlays/drr/sxh_xray015_drr.png,-1.0241353511810305,-0.0203446149826049,1.8455928564071653,254.27638244628903,61.36594772338867,126.48094177246094,0.5788175463676453,0.5882022976875305,0.951019525527954,1.663696050643921,0.0,0.0,0.0,0.0,0.0,0.0,3.995421886444092,3.422069311141968,2.06223201751709,2.062216758728028,se3_log_map,0.0
16,ok,/home/zsr/project/diffpose/ours/case/sxh/runs/mask/sxh_xray016_se3_log_map.csv,/home/zsr/project/diffpose/ours/case/sxh/mrcp_xray_overlays/overlay/sxh_xray016_overlay.png,/home/zsr/project/diffpose/ours/case/sxh/mrcp_xray_overlays/drr/sxh_xray016_drr.png,-1.0503344535827637,-0.0167334731668233,1.8518075942993164,250.44680786132807,57.254432678222656,126.12371826171876,0.5668774843215942,0.5607523918151855,2.101770162582397,3.761882305145264,0.0,0.0,0.0,0.0,0.0,0.0,16.1987247467041,14.88770580291748,6.384258270263672,6.383951663970947,se3_log_map,0.0
17,ok,/home/zsr/project/diffpose/ours/case/sxh/runs/mask/sxh_xray017_se3_log_map.csv,/home/zsr/project/diffpose/ours/case/sxh/mrcp_xray_overlays/overlay/sxh_xray017_overlay.png,/home/zsr/project/diffpose/ours/case/sxh/mrcp_xray_overlays/drr/sxh_xray017_drr.png,-1.0677032470703125,0.068360686302185,1.879978060722351,242.5890655517578,53.74456787109375,171.783447265625,0.4752969741821289,0.6072363257408142,91.077392578125,66.00543975830078,0.0,0.0,0.0,0.0,0.0,0.0,71.3397445678711,54.34246826171875,46.23288345336914,46.21964645385742,se3_log_map,0.0
18,ok,/home/zsr/project/diffpose/ours/case/sxh/runs/mask/sxh_xray018_se3_log_map.csv,/home/zsr/project/diffpose/ours/case/sxh/mrcp_xray_overlays/overlay/sxh_xray018_overlay.png,/home/zsr/project/diffpose/ours/case/sxh/mrcp_xray_overlays/drr/sxh_xray018_drr.png,-1.0416929721832275,-0.0203615427017211,1.847544312477112,250.5166931152344,59.69792938232422,126.81427001953124,0.5646061301231384,0.5670802593231201,1.1445783376693726,1.6071834564208984,0.0,0.0,0.0,0.0,0.0,0.0,11.155193328857422,10.32111930847168,4.23245906829834,4.232345104217529,se3_log_map,0.0
19,ok,/home/zsr/project/diffpose/ours/case/sxh/runs/mask/sxh_xray019_se3_log_map.csv,/home/zsr/project/diffpose/ours/case/sxh/mrcp_xray_overlays/overlay/sxh_xray019_overlay.png,/home/zsr/project/diffpose/ours/case/sxh/mrcp_xray_overlays/drr/sxh_xray019_drr.png,-1.030280590057373,-0.0223736651241779,1.8477416038513184,252.55442810058597,61.14386749267578,126.87890625,0.5727916955947876,0.570365309715271,0.8249664306640625,1.1231932640075684,0.0,0.0,0.0,0.0,0.0,0.0,5.003198623657227,4.606715679168701,1.95197856426239,1.951939582824707,se3_log_map,0.0
20,ok,/home/zsr/project/diffpose/ours/case/sxh/runs/mask/sxh_xray020_se3_log_map.csv,/home/zsr/project/diffpose/ours/case/sxh/mrcp_xray_overlays/overlay/sxh_xray020_overlay.png,/home/zsr/project/diffpose/ours/case/sxh/mrcp_xray_overlays/drr/sxh_xray020_drr.png,-1.0073410272598269,-0.0132834343239665,1.8461954593658447,257.5902099609375,62.05947113037109,124.8201141357422,0.5790727138519287,0.5636372566223145,0.9932805299758912,2.4611666202545166,0.0,0.0,0.0,0.0,0.0,0.0,10.817784309387209,9.490154266357422,5.192548751831055,5.1924309730529785,se3_log_map,0.0
21,ok,/home/zsr/project/diffpose/ours/case/sxh/runs/mask/sxh_xray021_se3_log_map.csv,/home/zsr/project/diffpose/ours/case/sxh/mrcp_xray_overlays/overlay/sxh_xray021_overlay.png,/home/zsr/project/diffpose/ours/case/sxh/mrcp_xray_overlays/drr/sxh_xray021_drr.png,-1.0432963371276855,-0.0197077915072441,1.8478626012802124,251.1535797119141,59.60289764404297,126.34738159179688,0.5595455765724182,0.5798377990722656,2.1285741329193115,2.37052845954895,0.0,0.0,0.0,0.0,0.0,0.0,11.86503791809082,11.153520584106444,4.047105312347412,4.0469746589660645,se3_log_map,0.0
22,ok,/home/zsr/project/diffpose/ours/case/sxh/runs/mask/sxh_xray022_se3_log_map.csv,/home/zsr/project/diffpose/ours/case/sxh/mrcp_xray_overlays/overlay/sxh_xray022_overlay.png,/home/zsr/project/diffpose/ours/case/sxh/mrcp_xray_overlays/drr/sxh_xray022_drr.png,-1.0315356254577637,-0.0212385822087526,1.8467276096343996,252.9579162597656,61.46604537963867,127.40530395507812,0.5824323892593384,0.5763031244277954,1.793415904045105,1.6304782629013062,0.0,0.0,0.0,0.0,0.0,0.0,5.665063381195068,5.503346920013428,1.343940019607544,1.343880295753479,se3_log_map,0.0
23,ok,/home/zsr/project/diffpose/ours/case/sxh/runs/mask/sxh_xray023_se3_log_map.csv,/home/zsr/project/diffpose/ours/case/sxh/mrcp_xray_overlays/overlay/sxh_xray023_overlay.png,/home/zsr/project/diffpose/ours/case/sxh/mrcp_xray_overlays/drr/sxh_xray023_drr.png,-1.0152173042297363,-0.0180165078490972,1.845449686050415,255.4568634033203,63.663272857666016,126.4617919921875,0.5758291482925415,0.5925809741020203,1.186734914779663,0.9081211686134338,0.0,0.0,0.0,0.0,0.0,0.0,5.911126136779785,5.286123275756836,2.645460367202759,2.645413637161255,se3_log_map,0.0
24,ok,/home/zsr/project/diffpose/ours/case/sxh/runs/mask/sxh_xray024_se3_log_map.csv,/home/zsr/project/diffpose/ours/case/sxh/mrcp_xray_overlays/overlay/sxh_xray024_overlay.png,/home/zsr/project/diffpose/ours/case/sxh/mrcp_xray_overlays/drr/sxh_xray024_drr.png,-1.0014004707336426,-0.0125753302127122,1.844112992286682,258.043701171875,63.71393966674805,125.66496276855467,0.5804883241653442,0.5761303305625916,1.484516143798828,1.608911156654358,0.0,0.0,0.0,0.0,0.0,0.0,13.33425235748291,12.264272689819336,5.233691692352295,5.233525276184082,se3_log_map,0.0
25,ok,/home/zsr/project/diffpose/ours/case/sxh/runs/mask/sxh_xray025_se3_log_map.csv,/home/zsr/project/diffpose/ours/case/sxh/mrcp_xray_overlays/overlay/sxh_xray025_overlay.png,/home/zsr/project/diffpose/ours/case/sxh/mrcp_xray_overlays/drr/sxh_xray025_drr.png,-1.0109591484069824,-0.0170474555343389,1.844832420349121,256.14288330078125,63.032840728759766,126.92806243896484,0.5674522519111633,0.601361095905304,1.446025848388672,1.4111191034317017,0.0,0.0,0.0,0.0,0.0,0.0,7.74176549911499,7.165205001831055,2.9317381381988525,2.9316670894622803,se3_log_map,0.0
26,ok,/home/zsr/project/diffpose/ours/case/sxh/runs/mask/sxh_xray026_se3_log_map.csv,/home/zsr/project/diffpose/ours/case/sxh/mrcp_xray_overlays/overlay/sxh_xray026_overlay.png,/home/zsr/project/diffpose/ours/case/sxh/mrcp_xray_overlays/drr/sxh_xray026_drr.png,-1.029994010925293,-0.0202801134437322,1.845303058624268,253.2118225097656,60.59209060668945,126.58935546875,0.5642977952957153,0.5841547846794128,0.9987335801124572,1.845578908920288,0.0,0.0,0.0,0.0,0.0,0.0,5.837653636932373,5.315977573394775,2.412195920944214,2.412153959274292,se3_log_map,0.0
27,ok,/home/zsr/project/diffpose/ours/case/sxh/runs/mask/sxh_xray027_se3_log_map.csv,/home/zsr/project/diffpose/ours/case/sxh/mrcp_xray_overlays/overlay/sxh_xray027_overlay.png,/home/zsr/project/diffpose/ours/case/sxh/mrcp_xray_overlays/drr/sxh_xray027_drr.png,-1.0444509983062744,-0.0169118084013462,1.846493124961853,251.03277587890625,59.15153503417969,126.53781127929688,0.5594719648361206,0.5808432102203369,2.0458667278289795,2.624645471572876,0.0,0.0,0.0,0.0,0.0,0.0,12.971395492553713,12.19913101196289,4.409058094024658,4.408875942230225,se3_log_map,0.0
28,ok,/home/zsr/project/diffpose/ours/case/sxh/runs/mask/sxh_xray028_se3_log_map.csv,/home/zsr/project/diffpose/ours/case/sxh/mrcp_xray_overlays/overlay/sxh_xray028_overlay.png,/home/zsr/project/diffpose/ours/case/sxh/mrcp_xray_overlays/drr/sxh_xray028_drr.png,-1.038686990737915,-0.0201155990362167,1.8459861278533936,251.52532958984372,60.21468353271485,126.66082000732422,0.5506739020347595,0.6001185178756714,1.4728426933288574,1.754307985305786,0.0,0.0,0.0,0.0,0.0,0.0,9.632071495056152,9.060266494750977,3.2693984508514404,3.2692928314208984,se3_log_map,0.0
29,ok,/home/zsr/project/diffpose/ours/case/sxh/runs/mask/sxh_xray029_se3_log_map.csv,/home/zsr/project/diffpose/ours/case/sxh/mrcp_xray_overlays/overlay/sxh_xray029_overlay.png,/home/zsr/project/diffpose/ours/case/sxh/mrcp_xray_overlays/drr/sxh_xray029_drr.png,-1.0546913146972656,-0.0060949702747166,1.844832181930542,249.66148376464844,55.96058654785156,123.66041564941406,0.5555884838104248,0.5752934217453003,2.095219373703003,4.189296722412109,0.0,0.0,0.0,0.0,0.0,0.0,21.080453872680664,19.200613021850582,8.702434539794922,8.701830863952637,se3_log_map,0.0
30,ok,/home/zsr/project/diffpose/ours/case/sxh/runs/mask/sxh_xray030_se3_log_map.csv,/home/zsr/project/diffpose/ours/case/sxh/mrcp_xray_overlays/overlay/sxh_xray030_overlay.png,/home/zsr/project/diffpose/ours/case/sxh/mrcp_xray_overlays/drr/sxh_xray030_drr.png,-1.0480773448944092,-0.0139069287106394,1.8458571434021,250.68528747558597,57.82833480834961,124.96687316894533,0.5550271272659302,0.5896525382995605,2.139308452606201,3.279603242874145,0.0,0.0,0.0,0.0,0.0,0.0,15.73971176147461,14.462838172912598,6.210314750671387,6.210050582885742,se3_log_map,0.0
31,ok,/home/zsr/project/diffpose/ours/case/sxh/runs/mask/sxh_xray031_se3_log_map.csv,/home/zsr/project/diffpose/ours/case/sxh/mrcp_xray_overlays/overlay/sxh_xray031_overlay.png,/home/zsr/project/diffpose/ours/case/sxh/mrcp_xray_overlays/drr/sxh_xray031_drr.png,-1.0315451622009275,-0.0174600090831518,1.8434423208236692,253.6473388671875,59.54525375366211,125.81620025634766,0.5590867400169373,0.6035246849060059,1.3707889318466189,2.9209108352661133,0.0,0.0,0.0,0.0,0.0,0.0,7.947650909423828,7.026384353637695,3.7142174243927,3.7141599655151367,se3_log_map,0.0
32,ok,/home/zsr/project/diffpose/ours/case/sxh/runs/mask/sxh_xray032_se3_log_map.csv,/home/zsr/project/diffpose/ours/case/sxh/mrcp_xray_overlays/overlay/sxh_xray032_overlay.png,/home/zsr/project/diffpose/ours/case/sxh/mrcp_xray_overlays/drr/sxh_xray032_drr.png,-1.0736052989959717,0.0685726329684257,1.8825739622116089,231.529541015625,75.40937805175781,172.48582458496094,0.4642773270606994,0.6089388728141785,93.95755004882812,70.51460266113281,0.0,0.0,0.0,0.0,0.0,0.0,76.09867095947266,56.13666915893555,51.3903694152832,51.377838134765625,se3_log_map,0.0
33,ok,/home/zsr/project/diffpose/ours/case/sxh/runs/mask/sxh_xray033_se3_log_map.csv,/home/zsr/project/diffpose/ours/case/sxh/mrcp_xray_overlays/overlay/sxh_xray033_overlay.png,/home/zsr/project/diffpose/ours/case/sxh/mrcp_xray_overlays/drr/sxh_xray033_drr.png,-1.0550416707992554,-0.0174599513411521,1.8453152179718015,248.83583068847656,56.69691848754883,126.23194122314452,0.5661891102790833,0.5903710126876831,1.6882083415985107,3.377095460891724,0.0,0.0,0.0,0.0,0.0,0.0,18.882230758666992,17.256866455078125,7.664610862731934,7.664145946502685,se3_log_map,0.0
34,ok,/home/zsr/project/diffpose/ours/case/sxh/runs/mask/sxh_xray034_se3_log_map.csv,/home/zsr/project/diffpose/ours/case/sxh/mrcp_xray_overlays/overlay/sxh_xray034_overlay.png,/home/zsr/project/diffpose/ours/case/sxh/mrcp_xray_overlays/drr/sxh_xray034_drr.png,-1.0704913139343262,-0.0280063040554523,1.8585377931594849,247.2511444091797,54.93933868408203,106.35437774658205,0.5624872446060181,0.6434887051582336,0.6862821578979492,1.6988390684127808,0.0,0.0,0.0,0.0,0.0,0.0,8.972298622131348,8.025674819946289,4.011390686035156,4.0113067626953125,se3_log_map,0.0
35,ok,/home/zsr/project/diffpose/ours/case/sxh/runs/mask/sxh_xray035_se3_log_map.csv,/home/zsr/project/diffpose/ours/case/sxh/mrcp_xray_overlays/overlay/sxh_xray035_overlay.png,/home/zsr/project/diffpose/ours/case/sxh/mrcp_xray_overlays/drr/sxh_xray035_drr.png,-1.04509174823761,-0.0337089635431766,1.8555731773376465,250.6366271972656,61.00247573852539,106.71753692626952,0.5499926805496216,0.6496828198432922,1.6796468496322632,2.6392478942871094,0.0,0.0,0.0,0.0,0.0,0.0,18.06033515930176,16.078414916992188,8.226004600524902,8.225581169128418,se3_log_map,0.0
36,ok,/home/zsr/project/diffpose/ours/case/sxh/runs/mask/sxh_xray036_se3_log_map.csv,/home/zsr/project/diffpose/ours/case/sxh/mrcp_xray_overlays/overlay/sxh_xray036_overlay.png,/home/zsr/project/diffpose/ours/case/sxh/mrcp_xray_overlays/drr/sxh_xray036_drr.png,-1.0802801847457886,-0.0305896159261465,1.8617857694625852,244.9967193603516,55.31723403930664,106.9664306640625,0.5336811542510986,0.6434310078620911,1.1776325702667236,1.0197951793670654,0.0,0.0,0.0,0.0,0.0,0.0,7.947082996368408,7.4854254722595215,2.6692285537719727,2.669163465499878,se3_log_map,0.0
37,ok,/home/zsr/project/diffpose/ours/case/sxh/runs/mask/sxh_xray037_se3_log_map.csv,/home/zsr/project/diffpose/ours/case/sxh/mrcp_xray_overlays/overlay/sxh_xray037_overlay.png,/home/zsr/project/diffpose/ours/case/sxh/mrcp_xray_overlays/drr/sxh_xray037_drr.png,-1.0811386108398438,-0.0299609377980232,1.856767177581787,245.1191864013672,53.10850524902344,107.10447692871094,0.5622518062591553,0.6391611099243164,0.5891280770301819,2.3458166122436523,0.0,0.0,0.0,0.0,0.0,0.0,7.672426223754883,6.767379283905029,3.6151139736175537,3.6150527000427246,se3_log_map,0.0
38,ok,/home/zsr/project/diffpose/ours/case/sxh/runs/mask/sxh_xray038_se3_log_map.csv,/home/zsr/project/diffpose/ours/case/sxh/mrcp_xray_overlays/overlay/sxh_xray038_overlay.png,/home/zsr/project/diffpose/ours/case/sxh/mrcp_xray_overlays/drr/sxh_xray038_drr.png,-1.0718579292297363,-0.0295000243932008,1.8585668802261357,247.07444763183597,55.22379684448242,107.25968933105467,0.545684814453125,0.6392037868499756,1.2416189908981323,1.604272484779358,0.0,0.0,0.0,0.0,0.0,0.0,7.823046684265137,7.1617045402526855,3.1480648517608643,3.1480066776275635,se3_log_map,0.0
39,ok,/home/zsr/project/diffpose/ours/case/sxh/runs/mask/sxh_xray039_se3_log_map.csv,/home/zsr/project/diffpose/ours/case/sxh/mrcp_xray_overlays/overlay/sxh_xray039_overlay.png,/home/zsr/project/diffpose/ours/case/sxh/mrcp_xray_overlays/drr/sxh_xray039_drr.png,-1.0794705152511597,-0.0299801994115114,1.85798180103302,245.9642791748047,51.84659194946289,107.04461669921876,0.5693436861038208,0.6319998502731323,0.5530064105987549,3.8209073543548575,0.0,0.0,0.0,0.0,0.0,0.0,8.203143119812012,6.699510097503662,4.733766078948975,4.733711242675781,se3_log_map,0.0
40,ok,/home/zsr/project/diffpose/ours/case/sxh/runs/mask/sxh_xray040_se3_log_map.csv,/home/zsr/project/diffpose/ours/case/sxh/mrcp_xray_overlays/overlay/sxh_xray040_overlay.png,/home/zsr/project/diffpose/ours/case/sxh/mrcp_xray_overlays/drr/sxh_xray040_drr.png,-1.0651137828826904,-0.0289976149797439,1.8562959432601929,249.186767578125,54.35542297363281,107.0505828857422,0.5560570955276489,0.6293553113937378,1.1146528720855713,3.117676258087158,0.0,0.0,0.0,0.0,0.0,0.0,10.014971733093262,8.641149520874023,5.062699794769287,5.06261682510376,se3_log_map,0.0
41,ok,/home/zsr/project/diffpose/ours/case/sxh/runs/mask/sxh_xray041_se3_log_map.csv,/home/zsr/project/diffpose/ours/case/sxh/mrcp_xray_overlays/overlay/sxh_xray041_overlay.png,/home/zsr/project/diffpose/ours/case/sxh/mrcp_xray_overlays/drr/sxh_xray041_drr.png,-1.0629702806472778,-0.0280599426478147,1.858214259147644,248.86773681640625,55.672733306884766,106.57345581054688,0.551720917224884,0.6377497315406799,0.872245728969574,1.832923889160156,0.0,0.0,0.0,0.0,0.0,0.0,11.06494140625,9.92670440673828,4.888216018676758,4.888084888458252,se3_log_map,0.0
42,ok,/home/zsr/project/diffpose/ours/case/sxh/runs/mask/sxh_xray042_se3_log_map.csv,/home/zsr/project/diffpose/ours/case/sxh/mrcp_xray_overlays/overlay/sxh_xray042_overlay.png,/home/zsr/project/diffpose/ours/case/sxh/mrcp_xray_overlays/drr/sxh_xray042_drr.png,-1.068434715270996,-0.0286333095282316,1.858664393424988,248.5443420410156,53.97939300537109,107.11019897460938,0.5600101947784424,0.6340913772583008,1.238881230354309,3.186084032058716,0.0,0.0,0.0,0.0,0.0,0.0,9.434647560119627,8.21224308013916,4.644593715667725,4.6445183753967285,se3_log_map,0.0
43,ok,/home/zsr/project/diffpose/ours/case/sxh/runs/mask/sxh_xray043_se3_log_map.csv,/home/zsr/project/diffpose/ours/case/sxh/mrcp_xray_overlays/overlay/sxh_xray043_overlay.png,/home/zsr/project/diffpose/ours/case/sxh/mrcp_xray_overlays/drr/sxh_xray043_drr.png,-1.0543553829193115,-0.0327152796089649,1.8568737506866453,250.55438232421875,57.2208137512207,107.49040222167967,0.5582299828529358,0.642757773399353,0.9791882634162904,1.4913132190704346,0.0,0.0,0.0,0.0,0.0,0.0,13.444172859191896,11.98063850402832,6.100182056427002,6.099997520446777,se3_log_map,0.0
44,ok,/home/zsr/project/diffpose/ours/case/sxh/runs/mask/sxh_xray044_se3_log_map.csv,/home/zsr/project/diffpose/ours/case/sxh/mrcp_xray_overlays/overlay/sxh_xray044_overlay.png,/home/zsr/project/diffpose/ours/case/sxh/mrcp_xray_overlays/drr/sxh_xray044_drr.png,-1.0637099742889404,-0.0235675368458032,1.858197808265686,248.94200134277344,54.560977935791016,105.45870971679688,0.5720326900482178,0.6402167081832886,0.8634774684906006,2.7482008934021,0.0,0.0,0.0,0.0,0.0,0.0,12.789855003356934,11.391844749450684,5.814467430114746,5.814305782318115,se3_log_map,0.0
45,ok,/home/zsr/project/diffpose/ours/case/sxh/runs/mask/sxh_xray045_se3_log_map.csv,/home/zsr/project/diffpose/ours/case/sxh/mrcp_xray_overlays/overlay/sxh_xray045_overlay.png,/home/zsr/project/diffpose/ours/case/sxh/mrcp_xray_overlays/drr/sxh_xray045_drr.png,-1.0859049558639526,-0.0347696878015995,1.8568873405456543,243.4955291748047,54.25082778930664,107.3727035522461,0.5679168701171875,0.6426603198051453,0.9693127870559692,1.0215167999267578,0.0,0.0,0.0,0.0,0.0,0.0,7.08930778503418,6.384115695953369,3.0824413299560547,3.082409143447876,se3_log_map,0.0
46,ok,/home/zsr/project/diffpose/ours/case/sxh/runs/mask/sxh_xray046_se3_log_map.csv,/home/zsr/project/diffpose/ours/case/sxh/mrcp_xray_overlays/overlay/sxh_xray046_overlay.png,/home/zsr/project/diffpose/ours/case/sxh/mrcp_xray_overlays/drr/sxh_xray046_drr.png,-1.0857667922973633,-0.0343096777796745,1.8569263219833372,245.44595336914065,51.61037826538086,107.46176147460938,0.579951286315918,0.6387865543365479,1.3219010829925537,3.9451985359191895,0.0,0.0,0.0,0.0,0.0,0.0,7.967881202697754,6.469363689422607,4.651326656341553,4.651276111602783,se3_log_map,0.0
54,ok,/home/zsr/project/diffpose/ours/case/sxh/runs/mask/sxh_xray054_se3_log_map.csv,/home/zsr/project/diffpose/ours/case/sxh/mrcp_xray_overlays/overlay/sxh_xray054_overlay.png,/home/zsr/project/diffpose/ours/case/sxh/mrcp_xray_overlays/drr/sxh_xray054_drr.png,-0.9397615790367126,-0.0147528937086462,1.7974263429641724,277.66461181640625,68.44099426269531,107.99761962890624,0.5815163850784302,0.6467187404632568,1.3046661615371704,1.0575069189071655,0.0,0.0,0.0,0.0,0.0,0.0,6.624461174011231,6.14037561416626,2.4858431816101074,2.4857940673828125,se3_log_map,0.0
55,ok,/home/zsr/project/diffpose/ours/case/sxh/runs/mask/sxh_xray055_se3_log_map.csv,/home/zsr/project/diffpose/ours/case/sxh/mrcp_xray_overlays/overlay/sxh_xray055_overlay.png,/home/zsr/project/diffpose/ours/case/sxh/mrcp_xray_overlays/drr/sxh_xray055_drr.png,-0.9491679668426514,-0.0451211519539356,1.7763593196868896,272.5183410644531,63.31943893432617,108.2923583984375,0.5717083215713501,0.6537304520606995,0.5074774622917175,3.1397736072540283,0.0,0.0,0.0,0.0,0.0,0.0,7.858494281768799,6.524352550506592,4.38053560256958,4.380486011505127,se3_log_map,0.0
56,ok,/home/zsr/project/diffpose/ours/case/sxh/runs/mask/sxh_xray056_se3_log_map.csv,/home/zsr/project/diffpose/ours/case/sxh/mrcp_xray_overlays/overlay/sxh_xray056_overlay.png,/home/zsr/project/diffpose/ours/case/sxh/mrcp_xray_overlays/drr/sxh_xray056_drr.png,-0.9409103393554688,-0.0517294630408287,1.778289794921875,272.6832580566406,67.17740631103516,110.5739974975586,0.55805903673172,0.6503669619560242,1.1420791149139404,0.843265175819397,0.0,0.0,0.0,0.0,0.0,0.0,1.5663398504257202,1.5187320709228516,0.3831191956996918,0.3831100761890411,se3_log_map,0.0
57,ok,/home/zsr/project/diffpose/ours/case/sxh/runs/mask/sxh_xray057_se3_log_map.csv,/home/zsr/project/diffpose/ours/case/sxh/mrcp_xray_overlays/overlay/sxh_xray057_overlay.png,/home/zsr/project/diffpose/ours/case/sxh/mrcp_xray_overlays/drr/sxh_xray057_drr.png,-0.944948136806488,-0.0522269494831562,1.7788749933242798,272.4186096191406,65.3987045288086,109.96246337890624,0.5670044422149658,0.6495786309242249,0.2881410419940948,1.3962318897247314,0.0,0.0,0.0,0.0,0.0,0.0,3.736506938934326,3.2183165550231934,1.8983895778656008,1.89837384223938,se3_log_map,0.0
58,ok,/home/zsr/project/diffpose/ours/case/sxh/runs/mask/sxh_xray058_se3_log_map.csv,/home/zsr/project/diffpose/ours/case/sxh/mrcp_xray_overlays/overlay/sxh_xray058_overlay.png,/home/zsr/project/diffpose/ours/case/sxh/mrcp_xray_overlays/drr/sxh_xray058_drr.png,-0.941263735294342,-0.0516462735831737,1.77718985080719,272.510986328125,66.51966857910156,109.91754913330078,0.5694696307182312,0.6649841070175171,0.1731350719928741,0.4999367594718933,0.0,0.0,0.0,0.0,0.0,0.0,1.6553709506988523,1.4385507106781006,0.8189746141433716,0.8189778923988342,se3_log_map,0.0
59,ok,/home/zsr/project/diffpose/ours/case/sxh/runs/mask/sxh_xray059_se3_log_map.csv,/home/zsr/project/diffpose/ours/case/sxh/mrcp_xray_overlays/overlay/sxh_xray059_overlay.png,/home/zsr/project/diffpose/ours/case/sxh/mrcp_xray_overlays/drr/sxh_xray059_drr.png,-0.9432106018066406,-0.0551894232630729,1.779968023300171,272.8216857910156,66.21954345703125,110.71807861328124,0.5695593357086182,0.6528767943382263,0.6963916420936584,1.0914634466171265,0.0,0.0,0.0,0.0,0.0,0.0,3.0937042236328125,2.867236375808716,1.161833882331848,1.1618351936340332,se3_log_map,0.0
60,ok,/home/zsr/project/diffpose/ours/case/sxh/runs/mask/sxh_xray060_se3_log_map.csv,/home/zsr/project/diffpose/ours/case/sxh/mrcp_xray_overlays/overlay/sxh_xray060_overlay.png,/home/zsr/project/diffpose/ours/case/sxh/mrcp_xray_overlays/drr/sxh_xray060_drr.png,-0.9371870756149292,-0.0510218143463134,1.776100993156433,273.3632507324219,67.23672485351562,109.6052017211914,0.5727837085723877,0.6511015892028809,0.1892258822917938,0.3852007091045379,0.0,0.0,0.0,0.0,0.0,0.0,1.6675444841384888,1.4218116998672483,0.8712466359138489,0.8712384104728699,se3_log_map,0.0
61,ok,/home/zsr/project/diffpose/ours/case/sxh/runs/mask/sxh_xray061_se3_log_map.csv,/home/zsr/project/diffpose/ours/case/sxh/mrcp_xray_overlays/overlay/sxh_xray061_overlay.png,/home/zsr/project/diffpose/ours/case/sxh/mrcp_xray_overlays/drr/sxh_xray061_drr.png,-0.946440577507019,-0.0478047616779804,1.778334140777588,273.981689453125,62.777957916259766,108.43482971191406,0.5731706023216248,0.6711742281913757,1.0059407949447632,4.430985927581787,0.0,0.0,0.0,0.0,0.0,0.0,6.833438873291016,4.6849236488342285,4.974705219268799,4.974663734436035,se3_log_map,0.0
62,ok,/home/zsr/project/diffpose/ours/case/sxh/runs/mask/sxh_xray062_se3_log_map.csv,/home/zsr/project/diffpose/ours/case/sxh/mrcp_xray_overlays/overlay/sxh_xray062_overlay.png,/home/zsr/project/diffpose/ours/case/sxh/mrcp_xray_overlays/drr/sxh_xray062_drr.png,-0.9109541177749634,-0.0343608856201171,1.7775558233261108,277.8013000488281,68.16899108886719,105.73878479003906,0.5802833437919617,0.673827052116394,0.6260711550712585,1.152584433555603,0.0,0.0,0.0,0.0,0.0,0.0,3.474072933197021,3.011070489883423,1.7328007221221924,1.7327831983566284,se3_log_map,0.0
63,ok,/home/zsr/project/diffpose/ours/case/sxh/runs/mask/sxh_xray063_se3_log_map.csv,/home/zsr/project/diffpose/ours/case/sxh/mrcp_xray_overlays/overlay/sxh_xray063_overlay.png,/home/zsr/project/diffpose/ours/case/sxh/mrcp_xray_overlays/drr/sxh_xray063_drr.png,-0.9008251428604126,-0.0344175994396209,1.776244878768921,281.4282531738281,66.27972412109375,105.69869995117188,0.571284294128418,0.6896985173225403,1.5936683416366575,4.804753303527832,0.0,0.0,0.0,0.0,0.0,0.0,8.926125526428223,7.099267959594727,5.41079568862915,5.410731792449951,se3_log_map,0.0
64,ok,/home/zsr/project/diffpose/ours/case/sxh/runs/mask/sxh_xray064_se3_log_map.csv,/home/zsr/project/diffpose/ours/case/sxh/mrcp_xray_overlays/overlay/sxh_xray064_overlay.png,/home/zsr/project/diffpose/ours/case/sxh/mrcp_xray_overlays/drr/sxh_xray064_drr.png,-0.9068171977996826,-0.0408078394830226,1.7760865688323977,280.19732666015625,67.6292495727539,107.94732666015624,0.5696293115615845,0.6800420880317688,0.8388007879257202,3.0119590759277344,0.0,0.0,0.0,0.0,0.0,0.0,5.231101989746094,3.7202088832855225,3.6775758266448975,3.6775503158569336,se3_log_map,0.0
65,ok,/home/zsr/project/diffpose/ours/case/sxh/runs/mask/sxh_xray065_se3_log_map.csv,/home/zsr/project/diffpose/ours/case/sxh/mrcp_xray_overlays/overlay/sxh_xray065_overlay.png,/home/zsr/project/diffpose/ours/case/sxh/mrcp_xray_overlays/drr/sxh_xray065_drr.png,-0.9060682058334352,-0.0378870666027069,1.7803640365600586,280.9692077636719,66.97948455810547,106.81111907958984,0.5851857662200928,0.6782056093215942,0.6492409110069275,3.916506290435791,0.0,0.0,0.0,0.0,0.0,0.0,6.379417896270752,4.496931552886963,4.52489709854126,4.524873733520508,se3_log_map,0.0
66,ok,/home/zsr/project/diffpose/ours/case/sxh/runs/mask/sxh_xray066_se3_log_map.csv,/home/zsr/project/diffpose/ours/case/sxh/mrcp_xray_overlays/overlay/sxh_xray066_overlay.png,/home/zsr/project/diffpose/ours/case/sxh/mrcp_xray_overlays/drr/sxh_xray066_drr.png,-0.9106025099754332,-0.0401763245463371,1.7825326919555664,279.3292541503906,66.90937805175781,108.00886535644533,0.5851919651031494,0.677527129650116,1.1328521966934204,3.1547493934631348,0.0,0.0,0.0,0.0,0.0,0.0,4.719141483306885,3.374999046325684,3.298427104949951,3.2984206676483154,se3_log_map,0.0
67,ok,/home/zsr/project/diffpose/ours/case/sxh/runs/mask/sxh_xray067_se3_log_map.csv,/home/zsr/project/diffpose/ours/case/sxh/mrcp_xray_overlays/overlay/sxh_xray067_overlay.png,/home/zsr/project/diffpose/ours/case/sxh/mrcp_xray_overlays/drr/sxh_xray067_drr.png,-0.9329180717468262,-0.0647023469209671,1.78290855884552,274.7886657714844,67.18458557128906,113.00086212158205,0.5610679388046265,0.6725177764892578,2.828545331954956,2.3105692863464355,0.0,0.0,0.0,0.0,0.0,0.0,17.226852416992188,15.934717178344728,6.546274662017822,6.545928478240967,se3_log_map,0.0
68,ok,/home/zsr/project/diffpose/ours/case/sxh/runs/mask/sxh_xray068_se3_log_map.csv,/home/zsr/project/diffpose/ours/case/sxh/mrcp_xray_overlays/overlay/sxh_xray068_overlay.png,/home/zsr/project/diffpose/ours/case/sxh/mrcp_xray_overlays/drr/sxh_xray068_drr.png,-0.9195615649223328,-0.0461153201758861,1.7806018590927124,277.8157653808594,66.16900634765625,108.90611267089844,0.5916979908943176,0.6711482405662537,0.8729346990585327,2.9026525020599365,0.0,0.0,0.0,0.0,0.0,0.0,5.758893489837647,4.6333746910095215,3.420053482055664,3.4200282096862797,se3_log_map,0.0
69,ok,/home/zsr/project/diffpose/ours/case/sxh/runs/mask/sxh_xray069_se3_log_map.csv,/home/zsr/project/diffpose/ours/case/sxh/mrcp_xray_overlays/overlay/sxh_xray069_overlay.png,/home/zsr/project/diffpose/ours/case/sxh/mrcp_xray_overlays/drr/sxh_xray069_drr.png,-0.935474693775177,-0.0596964284777641,1.78108811378479,274.4892272949219,66.16959381103516,112.15716552734376,0.5834635496139526,0.6639835834503174,2.5456960201263428,2.328876256942749,0.0,0.0,0.0,0.0,0.0,0.0,16.061439514160156,14.79028034210205,6.262670993804932,6.26237678527832,se3_log_map,0.0
70,ok,/home/zsr/project/diffpose/ours/case/sxh/runs/mask/sxh_xray070_se3_log_map.csv,/home/zsr/project/diffpose/ours/case/sxh/mrcp_xray_overlays/overlay/sxh_xray070_overlay.png,/home/zsr/project/diffpose/ours/case/sxh/mrcp_xray_overlays/drr/sxh_xray070_drr.png,-0.9406663179397584,-0.0516605600714683,1.7810113430023191,269.9146423339844,70.62077331542969,109.81047058105467,0.6032048463821411,0.6437335014343262,2.511438608169556,5.524600505828857,0.0,0.0,0.0,0.0,0.0,0.0,16.564096450805664,14.67202377319336,7.688030242919922,7.6877121925354,se3_log_map,0.0
71,ok,/home/zsr/project/diffpose/ours/case/sxh/runs/mask/sxh_xray071_se3_log_map.csv,/home/zsr/project/diffpose/ours/case/sxh/mrcp_xray_overlays/overlay/sxh_xray071_overlay.png,/home/zsr/project/diffpose/ours/case/sxh/mrcp_xray_overlays/drr/sxh_xray071_drr.png,-0.938398003578186,-0.0496009401977062,1.7864323854446411,272.3071594238281,69.72164154052734,109.46328735351562,0.6261327266693115,0.604283332824707,3.5507376194000244,4.101919651031494,0.0,0.0,0.0,0.0,0.0,0.0,14.765228271484377,13.805394172668455,5.23691463470459,5.236691951751709,se3_log_map,0.0
72,ok,/home/zsr/project/diffpose/ours/case/sxh/runs/mask/sxh_xray072_se3_log_map.csv,/home/zsr/project/diffpose/ours/case/sxh/mrcp_xray_overlays/overlay/sxh_xray072_overlay.png,/home/zsr/project/diffpose/ours/case/sxh/mrcp_xray_overlays/drr/sxh_xray072_drr.png,-0.9379116892814636,-0.049648355692625,1.779716968536377,272.9108581542969,68.52203369140625,109.64186096191406,0.581397294998169,0.6317185759544373,3.133006811141968,2.9532787799835205,0.0,0.0,0.0,0.0,0.0,0.0,13.8076171875,12.964975357055664,4.749873638153076,4.749692440032959,se3_log_map,0.0
